nombre,dni,genero,pelicula,formato,precio,fecha_visita,Año,Género
Mario Cannon,67504142,M,Dan,Normal,6.78,2026-02-26,1914,"Drama,War"
Morgan Shaw,45622095,F,"Romani, the Brigand",Normal,7.68,2025-10-27,1912,\N
Kenneth Lawrence,50408744,M,Arizona,Normal,7.23,2025-07-22,1913,"Drama,Western"
Sydney Odom,87996539,F,Captain Swift,3D,13.06,2025-08-03,1914,Drama
John Mcgee,26398016,M,Salomy Jane,Normal,8.84,2025-12-23,1914,"Crime,Drama,Western"
Sean Owens,31310289,M,Le camée,Normal,8.68,2026-03-10,1913,\N
Brian Hansen,36556285,M,"10,000 Dollars",3D,10.46,2025-06-22,1915,\N
Cheyenne Graves,52037921,F,Saved in Mid-Air,Normal,7.95,2026-01-12,1912,Drama
Julie Alexander,29270405,F,"10,000 Dollars",3D,13.77,2025-07-22,1915,\N
Austin Humphrey,44764184,M,The Seats of the Mighty,Normal,8.72,2026-01-03,1914,Drama
Nicole Murray,92923244,F,The Climbers,Normal,7.23,2025-11-05,1915,Drama
Christian Valdez,43816921,M,Mother Love,Normal,6.6,2025-09-08,1914,Drama
Susan Chan,86970746,F,The Disciple,3D,13.89,2026-01-21,1915,"Drama,Western"
Brianna Chambers,92420790,F,Springtime,Normal,8.24,2025-07-06,1914,Drama
Sean Watkins,73027988,M,"Hamlet, Prince of Denmark",Normal,6.41,2026-04-25,1910,Drama
Wanda Haley,90513094,F,The Key to Yesterday,Normal,7.91,2025-11-21,1914,Drama
Robin Austin,76479225,F,Anny - Story of a Prostitute,3D,13.1,2025-08-11,1912,"Drama,Romance"
Timothy Benton,89841191,M,The Commanding Officer,Normal,8.78,2026-05-05,1915,Drama
Devin Murphy,93074337,M,Un solo corazón o Los muertos viven,3D,13.79,2025-07-05,1914,\N
Monica Blevins,28974257,F,"How Fine, How Fresh the Roses Were",3D,11.47,2025-10-15,1913,Romance
Pam Chavez,80985021,F,Brewster's Millions,3D,13.27,2025-06-30,1914,Comedy
Robert Perez,30853784,M,The Case of Becky,Normal,8.29,2025-09-03,1915,Drama
Selena Pham,13818491,F,Revolução de 5 de Outubro,3D,12.08,2026-04-09,1910,Documentary
William Brown,46225280,M,The Wrath of the Gods,Normal,8.22,2025-08-20,1914,"Drama,Romance"
Andrew Garcia,16728513,M,The Bartered Bride,Normal,8.84,2026-02-10,1913,\N
Jill Beard,36335662,F,The Lipton Cup: Introducing Sir Thomas Lipton,Normal,8.09,2026-04-16,1913,"Drama,Sport"
Mrs. Amber Duran MD,70625487,F,Zona olivarera,Normal,6.5,2025-08-17,1914,Documentary
Gary Hughes,65263496,M,The Yellow Traffic,Normal,7.89,2026-01-18,1914,Drama
David Weiss,73694782,M,The Secret of the Mountain,Normal,7.64,2025-12-31,1915,Drama
Anna Clark,48374059,F,Are They Born or Made?,Normal,8.29,2025-05-25,1915,"Crime,Drama"
Jennifer Matthews,66144218,F,The Trey o' Hearts,3D,13.41,2026-03-31,1914,Adventure
Raymond Nelson,32488427,M,Camille,Normal,7.71,2025-08-13,1912,"Drama,Romance"
Raymond Nelson,32488427,M,Camille,Normal,7.71,2025-08-13,1915,Drama
Daniel Martin,69739762,M,Gira política de Madero y Pino Suárez,Normal,7.86,2026-02-05,1909,\N
Shannon Jones,87524296,F,A Woman's Triumph,3D,13.42,2025-06-30,1914,Drama
Christina Smith,48298809,F,Los Pirineos de Port-Bou a Andorra,3D,10.0,2025-10-20,1912,\N
Craig Williams,15791644,M,The Boundary Rider,3D,11.68,2025-08-10,1914,"Adventure,Crime"
Brett Bowman,23150564,M,The Cheat,Normal,6.37,2026-04-16,1915,"Drama,Romance"
Jennifer Mendoza,33561321,F,Tirol in Waffen,Normal,6.6,2025-06-04,1914,"Drama,War"
David Hamilton,29232712,M,The Criminal Code,Normal,7.52,2025-09-21,1914,Drama
Andrea Jimenez,39313761,F,The Escape,Normal,7.55,2025-05-28,1914,Drama
Tonya Mahoney,40902773,F,The Million Dollar Robbery,Normal,6.93,2025-06-13,1914,Drama
Rachael Allen,83171086,F,The Hazards of Helen,3D,12.6,2026-04-12,1914,Action
Devin Diaz,27233764,M,Love of Perdition,Normal,8.6,2025-10-01,1914,Drama
Christopher Walker,47210761,M,The Gamblers,3D,10.0,2026-01-06,1914,Drama
Emily Santos,13610792,F,El calvario de un héroe,Normal,8.15,2025-06-13,1914,\N
Michael Davis,22527853,M,Robin Hood,Normal,8.44,2025-06-14,1913,Adventure
Robert Ware,85093432,M,The Arab,3D,12.74,2025-06-05,1915,"Adventure,Drama"
Jacob Mcfarland,72110436,M,The Trail of the Lonesome Pine,3D,13.25,2026-02-01,1914,Drama
Jon Smith,35234948,M,After the Ball,Normal,8.39,2026-05-05,1914,Drama
Megan Vazquez,20556273,F,Amor de pescadora,3D,13.64,2025-07-17,1914,\N
Mrs. Pamela Gutierrez,66548433,F,A 300 éves ember,3D,11.1,2025-05-20,1914,\N
Jonathan Williams,33971718,M,The Lotus Dancer,3D,13.64,2025-11-30,1913,Drama
David Jones,21803220,M,The Merchant of Venice,3D,12.64,2026-02-07,1914,Drama
Dr. Lisa Clark,62891342,F,Maskierte Liebe,3D,13.08,2025-08-09,1912,\N
Jessica Andrews,19803774,F,The Commanding Officer,3D,10.49,2025-11-12,1915,Drama
Brandon Collins,45197261,M,Un solo corazón o Los muertos viven,Normal,7.55,2026-01-15,1914,\N
Terry Rivera,37848938,M,För sin kärleks skull,3D,11.14,2025-12-17,1914,Drama
Justin Edwards,52588516,M,The Boundary Rider,Normal,6.35,2025-11-20,1914,"Adventure,Crime"
Savannah Kemp,24257219,F,A Modern Mephisto,Normal,7.11,2025-09-13,1914,\N
Stephanie Fisher,34990551,F,"Ireland, a Nation",Normal,6.71,2026-03-13,1914,"Drama,History"
Christina Perez,28137607,F,Buch i Trøjen,3D,12.09,2025-11-05,1913,\N
Maxwell Melton,22890858,M,The Deathlock,Normal,6.43,2026-05-06,1915,Drama
Keith Aguirre,20558814,M,The College Widow,3D,13.51,2025-07-15,1915,"Comedy,Drama"
Adam Jones,64798386,M,"Price of Treachery; Or, The Lighthouse Keeper's Daughter",3D,13.57,2026-01-11,1914,Drama
Linda Paul,58644371,F,Oliver Twist,Normal,8.13,2025-11-09,1912,Drama
Linda Paul,58644371,F,Oliver Twist,Normal,8.13,2025-11-09,1912,Drama
Kendra Lawrence,51132747,F,The Closing Net,3D,12.46,2026-03-27,1915,"Crime,Drama"
Lori Mathis,50089749,F,Paul J. Rainey's African Hunt,Normal,6.96,2026-02-11,1912,Documentary
Bruce Joseph,81555029,M,On the Steps of the Throne,Normal,6.57,2025-07-14,1913,\N
Eileen Padilla,91206293,F,Taking His Chance,3D,12.78,2025-08-25,1914,\N
Judith Glass,39997039,F,Novillada de beneficencia en Zaragoza,3D,13.0,2025-10-07,1913,\N
Sarah Thomas,59657611,F,The Chocolate Soldier,3D,12.52,2026-02-22,1914,"Comedy,Drama"
Andrew Dixon,90718452,M,A Lady of Quality,3D,12.49,2026-03-01,1913,Drama
Tyler Lawson,97370230,M,Behind the Scenes,3D,10.12,2025-08-03,1914,Drama
Mary Richardson,39315579,F,Ansigttyven II,Normal,6.4,2025-08-26,1910,\N
David Howe,49482245,M,Where the Trail Divides,3D,10.5,2025-10-17,1914,"Drama,Western"
Edgar Black,34718027,M,A Study in Scarlet,3D,12.72,2025-11-05,1914,"Drama,Mystery"
Tina Sparks,68260679,F,La Belle Russe,3D,10.84,2026-03-28,1914,Drama
Mike Zamora,86724765,M,Maskierte Liebe,3D,10.31,2025-06-29,1912,\N
Jennifer Hodge,19601207,F,The Beachcomber,3D,13.01,2026-03-17,1915,Drama
Christopher Hatfield,96738826,M,The Closing Net,3D,13.34,2025-10-09,1915,"Crime,Drama"
Meagan Nelson,54533309,F,The Win(k)some Widow,3D,13.64,2025-09-28,1914,Comedy
Melanie Lopez,44487787,F,"Price of Treachery; Or, The Lighthouse Keeper's Daughter",3D,10.61,2025-08-12,1914,Drama
Dale Mullins,46563806,M,The Buzzard's Shadow,Normal,6.48,2026-04-13,1915,Drama
Kevin Williams,89670043,M,The Trail of the Lonesome Pine,Normal,6.81,2025-11-28,1914,Drama
Daniel Espinoza,28077975,M,His Brother's Wife,Normal,8.21,2025-10-06,1910,\N
Tina Robinson,92290980,F,The Adventures of Lieutenant Petrosino,Normal,7.74,2025-12-19,1912,Drama
Bradley Wagner,59114648,M,La malquerida,3D,13.51,2026-04-09,1914,\N
Mary Gonzales,94007413,F,Die Landstraße,Normal,7.72,2025-08-29,1913,\N
John Robbins,53756905,M,The Life and Death of King Richard III,Normal,6.91,2025-07-23,1912,Drama
Regina Mullins,72001022,F,Martin Eden,Normal,8.16,2025-10-04,1914,Drama
Bonnie Velazquez,42763272,F,The Girl of the Sunny South,3D,11.32,2026-03-21,1913,Drama
Tiffany Armstrong MD,19599621,F,The Might of Gold,3D,10.66,2026-03-14,1912,\N
Jerry Smith,94047744,M,Nell of the Circus,3D,10.75,2026-02-12,1914,Drama
Denise Calhoun,60633112,F,Captain Swift,Normal,6.37,2026-03-19,1914,Drama
Maureen Miller,24549134,F,In the Stretch,3D,10.43,2025-10-26,1913,Drama
Matthew Vasquez,21414934,M,The District Attorney,3D,13.22,2026-02-15,1915,\N
Ruth Greer,89699346,F,In the Land of the Head Hunters,3D,13.63,2026-03-09,1914,"Drama,History"
Terry Young,62474323,M,Buckshot John,Normal,6.34,2025-09-02,1915,"Drama,Western"
Christine Compton,92525109,F,The Lotus Dancer,Normal,6.38,2026-04-12,1913,Drama
Aaron Garcia,22384429,M,Ungarische Rhapsodie,3D,10.62,2025-07-30,1913,\N
Melissa Smith,62713490,F,Northern Lights,3D,11.52,2025-12-30,1914,Drama
Laura Vasquez,96159237,F,Evangeline,Normal,6.88,2025-09-05,1914,Drama
James Brennan,38077711,M,Smith's Knockabout Theatre,3D,11.81,2026-03-24,1909,\N
Douglas Fox,59459662,M,Atlantis,3D,10.9,2026-01-17,1913,Drama
Carolyn Allen,45004679,F,Cabiria,3D,13.83,2025-09-17,1914,"Adventure,Drama,History"
Samuel Macdonald,42360516,M,John Barleycorn,3D,13.98,2026-03-15,1914,Drama
Donna Cross,44765055,F,The Four Poster Pest,3D,11.57,2025-10-26,1911,\N
Jessica Rocha,30882148,F,Pagan Rome,3D,10.09,2026-03-30,1914,Documentary
Jessica Hernandez,31919282,F,Down with Weapons,Normal,7.01,2025-05-31,1914,"Drama,War"
Nancy Richards,23516537,F,Cameo Kirby,Normal,8.89,2025-05-06,1914,"Action,Drama,Romance"
Krista Diaz,80521882,F,Lucille Love: The Girl of Mystery,3D,11.51,2025-08-15,1914,Action
Laura Avila,83637679,F,The Mail Order Wife,Normal,6.77,2025-10-24,1912,\N
Rachel Hart,45461597,F,Salome Mad,Normal,6.19,2025-10-16,1909,Comedy
Adrienne Jones,90301102,F,La deuda del pasado,3D,12.51,2026-02-25,1914,\N
Adam Jones,65784638,M,Comrade John,3D,11.22,2026-01-29,1915,Drama
Kyle Oconnell,61127993,M,The Great Leap: Until Death Do Us Part,Normal,7.1,2025-10-17,1914,"Drama,Romance"
Cody Swanson,43077027,M,Comrade John,3D,13.87,2025-05-30,1915,Drama
Louis Barnett,56707706,M,A Cultura do Cacau,Normal,8.75,2025-09-03,1909,\N
Matthew Kaiser,54579077,M,Cap'n Eri,Normal,7.71,2026-03-14,1915,Drama
Darren Campbell,14305311,M,Colonel Carter of Cartersville,Normal,7.34,2026-01-10,1915,"Drama,History"
Whitney Morris,37889626,F,The Barnstormers,Normal,8.4,2026-05-06,1915,"Comedy,Drama"
Mary Gallegos,82846282,F,Buckshot John,Normal,6.68,2026-04-06,1915,"Drama,Western"
Laurie Greer,12391954,F,Children of the Ghetto,3D,11.13,2026-02-13,1915,Drama
Troy Sharp,43355400,M,The Doubt,Normal,8.69,2025-08-11,1915,\N
Mark Robbins,58190593,M,Dolken,3D,10.1,2025-09-18,1915,Drama
Jacob Nolan,80757329,M,The Truth Wagon,3D,12.31,2026-04-13,1914,Drama
Christine Williams,37706260,F,The Coward,Normal,7.0,2025-05-30,1915,"Drama,History,War"
Chris Wilcox,96711434,M,The Lust for Gold,Normal,7.69,2026-02-23,1912,\N
Ivan Whitehead,54795166,M,Charles IV,Normal,7.5,2026-03-24,1912,\N
Erica Cole,33692333,F,Fantomas: The Mysterious Finger Print,Normal,6.93,2025-09-28,1914,"Crime,Drama"
Jessica Martinez,88443670,F,The Ring and the Man,3D,10.88,2026-04-29,1914,Drama
Jennifer Howard,25176092,F,La echadora de cartas,3D,10.78,2026-04-06,1914,\N
Eric Charles,40067351,M,A Factory Magdalen,Normal,8.14,2026-04-04,1914,Drama
Bonnie Brown,46193938,F,The Black Diamond,3D,13.66,2025-12-10,1913,\N
Roberto Jackson,29903813,M,The Invisible Power,3D,13.99,2026-05-06,1914,Drama
John Moore,37361521,M,Niños en la alameda,Normal,6.61,2026-03-22,1909,\N
Monique Brewer,56431918,F,Captain Courtesy,Normal,8.53,2026-01-24,1915,"Action,Drama,History"
Sarah Sutton,27871326,F,Man of the Hour,Normal,8.66,2026-02-09,1914,Drama
Ana Hutchinson,64226096,F,Carmen,3D,10.85,2025-06-05,1912,\N
Ana Hutchinson,64226096,F,Carmen,3D,10.85,2025-06-05,1914,\N
Ana Hutchinson,64226096,F,Carmen,3D,10.85,2025-06-05,1915,"Drama,Musical"
Ana Hutchinson,64226096,F,Carmen,3D,10.85,2025-06-05,1915,Drama
Jessica Wilson,54471650,F,Sealed Orders,Normal,7.99,2026-05-02,1914,"Drama,Mystery"
Ralph Lee,44650792,M,Zona olivarera,3D,11.95,2026-01-26,1914,Documentary
John Paul,56165690,M,El Caín moderno,3D,11.38,2025-12-04,1913,\N
Regina Young,78494958,F,The Education of Mr. Pipp,3D,10.42,2026-01-21,1914,Comedy
Miranda Edwards,74998226,F,Jess of the Mountain Country,Normal,8.24,2025-11-11,1914,Drama
Susan Ortega,10823311,F,A Gentleman from Mississippi,Normal,7.26,2026-03-12,1914,Drama
James Ruiz,90239196,M,Michael Strogoff,Normal,8.4,2026-04-13,1914,Drama
Anna Gomez,78624586,F,Rose of the Alley,Normal,7.08,2026-03-17,1916,"Crime,Drama"
Destiny Russell,90919800,F,A Million Bid,3D,12.31,2025-09-03,1914,"Drama,Romance"
John Gonzalez,34001138,M,Love Never Dies,3D,12.6,2026-02-12,1916,Drama
Kelly Vaughn,35859751,F,A Child of the Prairie,3D,11.63,2025-08-01,1915,"Drama,Western"
Thomas Terrell,72555215,M,Dodge City Trail,Normal,7.2,2025-07-14,1936,"Drama,Music,Western"
Amanda Peters,58264829,F,Cap'n Eri,Normal,7.1,2025-09-18,1915,Drama
Tyler Nunez,58130226,M,La vida en el campamento,3D,11.56,2025-07-01,1909,\N
Kimberly Bates,49878095,F,The Straight Road,Normal,8.57,2025-12-10,1914,"Drama,Romance"
Stephen Morrison,52789920,M,Bánk bán,Normal,6.39,2025-09-05,1915,\N
Dominique Winters,50780007,F,Saved in Mid-Air,Normal,8.76,2026-04-20,1912,Drama
Beth Powers,70299527,F,Le dernier pardon,Normal,7.59,2026-04-27,1913,Comedy
Shawn Ayala,49948787,M,Nell of the Circus,3D,13.87,2025-06-26,1914,Drama
Gregory Ray,14715881,M,Melilla y el Gurugu,Normal,6.95,2025-08-13,1909,\N
Dennis Clark,47743243,M,Die Sumpfblume,Normal,8.57,2026-01-24,1913,\N
Gerald Velazquez,72515884,M,War Is Hell,Normal,6.03,2025-12-09,1914,"Drama,War"
Victoria Brown,20466545,F,The Diamond Robbery,3D,11.62,2026-04-14,1915,Drama
Adam Morrow,14131545,M,The House of Bondage,Normal,6.67,2025-11-18,1914,Drama
Mr. Jeffrey Copeland,54682982,M,Fatum,3D,10.18,2025-12-18,1915,\N
Karen Webb,15353775,F,The Butterfly,3D,11.74,2025-10-23,1910,\N
Karen Webb,15353775,F,The Butterfly,3D,11.74,2025-10-23,1915,Drama
Kara Sampson,90449010,F,Black Fear,Normal,7.23,2025-06-15,1915,Drama
Jorge Wilson,58108006,M,Gatans barn,3D,11.35,2026-03-17,1914,Drama
Elizabeth Nguyen,95874049,F,In the Bishop's Carriage,Normal,8.52,2026-04-10,1913,"Crime,Drama"
Mia Gonzales,47996473,F,On the Belgian Battlefield,Normal,6.61,2025-11-05,1914,Documentary
Gabriel Smith,81016715,M,Madero al sur del país,Normal,7.16,2026-01-23,1911,\N
Ryan Smith,31295312,M,Fiestas en Palafrugell,Normal,8.21,2025-09-15,1913,\N
Nicholas Ward,58344023,M,Marta of the Lowlands,3D,11.12,2025-06-08,1914,Drama
Andrea Dorsey,79739929,F,Tragic Night,Normal,8.41,2025-05-10,1914,\N
Cassandra Acosta,54080231,F,Oliver Twist,Normal,8.68,2025-05-10,1912,Drama
Cassandra Acosta,54080231,F,Oliver Twist,Normal,8.68,2025-05-10,1912,Drama
Beverly Castillo,16906692,F,La festa del Blat,3D,12.83,2026-03-14,1914,\N
Maria Chen,37142331,F,La vida en el campamento,3D,10.02,2025-06-22,1909,\N
Susan Bradford,88297482,F,The Four Poster Pest,Normal,7.51,2026-03-13,1911,\N
Stephen Rodriguez,24309858,M,The Better Man,3D,13.6,2025-09-10,1914,Drama
Richard Miller,73677728,M,Facing the Gattling Guns,Normal,8.81,2025-08-09,1914,Drama
Tiffany Kirby,74972127,F,La festa del Blat,Normal,8.11,2025-08-21,1914,\N
Wendy Thompson,15003171,F,Are They Born or Made?,Normal,6.65,2026-01-26,1915,"Crime,Drama"
Alyssa Cook,90803454,F,Children of Eve,Normal,7.62,2025-12-24,1915,Drama
Richard Davis,79393026,M,Should a Woman Divorce?,3D,13.18,2025-10-19,1914,Drama
Steven Thomas,13487423,M,The Great Leap: Until Death Do Us Part,Normal,8.82,2026-01-06,1914,"Drama,Romance"
Douglas Webster,29184441,M,Die große Sünderin,3D,10.67,2025-07-21,1914,\N
Joshua Cruz,80264724,M,Toma del Gurugu,Normal,8.53,2025-12-24,1909,\N
Tracy Smith,90898364,F,The Mystery of a Hansom Cab,Normal,8.16,2025-08-18,1911,\N
Mary Martin,47129065,F,Lucha por la herencia,3D,12.15,2025-12-25,1911,\N
Heather Hernandez,12065115,F,The Apaches of Paris,3D,12.73,2025-06-26,1915,Drama
Megan Hernandez,98299695,F,Should a Woman Divorce?,Normal,8.67,2025-09-04,1914,Drama
Kyle Kelley,93524248,M,The Castle of Thornfield,Normal,6.31,2025-11-21,1915,Drama
Miss Alexis Tanner MD,28631886,F,Orientalsk dans,3D,10.69,2025-06-24,1910,\N
Briana Baker,38102677,F,La chavala,3D,11.79,2025-06-21,1914,\N
Scott Wood,50358698,M,Who Will Marry Mary?,Normal,6.37,2026-02-25,1913,"Action,Adventure"
Megan Benson,63038288,F,Die Tangokönigin,3D,13.44,2026-04-16,1913,\N
Laura Perkins,63807094,F,Rose of the Rancho,Normal,7.81,2026-03-01,1914,"Action,Adventure,Drama"
Tiffany Mclaughlin,32049754,F,The Darkening Trail,3D,13.2,2026-04-01,1915,Drama
Laurie Rivas,37637950,F,Sherlock Holmes VI,3D,12.01,2025-11-29,1910,\N
Rhonda Turner,58755304,F,The Arab,Normal,6.71,2026-01-20,1915,"Adventure,Drama"
Amber Bentley,36484678,F,The Life of Moses,3D,10.77,2026-01-19,1909,"Biography,Drama,Family"
Michael Hicks,61007634,M,Carmen,Normal,8.05,2026-04-20,1912,\N
Michael Hicks,61007634,M,Carmen,Normal,8.05,2026-04-20,1914,\N
Michael Hicks,61007634,M,Carmen,Normal,8.05,2026-04-20,1915,"Drama,Musical"
Michael Hicks,61007634,M,Carmen,Normal,8.05,2026-04-20,1915,Drama
Chris Gomez,68138556,M,A Florida Enchantment,3D,11.48,2025-07-21,1914,Comedy
Matthew Rodriguez MD,49242373,M,Colorado,Normal,7.17,2025-10-22,1915,"Drama,Western"
Julie Harris,13015119,F,Marocco en het Vreemdelingenlegioen,3D,11.7,2026-01-25,1912,\N
Mr. Timothy Hamilton DDS,59112216,M,The Banker's Daughter,Normal,8.03,2025-05-07,1914,Drama
Dr. Christian Haynes,70436027,M,The Absentee,Normal,7.51,2025-12-08,1915,"Drama,Romance"
Felicia Fuentes,59063001,F,Where the Trail Divides,3D,12.74,2026-03-20,1914,"Drama,Western"
Michael Morales,88311001,M,The Cheat,Normal,6.22,2025-10-04,1915,"Drama,Romance"
Michael Weber,30861473,M,The Crime and the Criminal,Normal,6.73,2026-04-26,1912,\N
Christine Brown,67528723,F,The Scales of Justice,3D,11.02,2026-04-02,1914,Drama
John Rogers,68515176,M,The Butterfly,Normal,6.05,2025-11-25,1910,\N
John Rogers,68515176,M,The Butterfly,Normal,6.05,2025-11-25,1915,Drama
Mary Jones,69802792,F,Den kulørte slavehandler,Normal,7.58,2026-01-07,1914,\N
Ashley Miller,16764081,F,The Fatal Night,3D,13.62,2025-06-10,1914,"Drama,History"
Jeremy Savage,97364692,M,Comrade John,3D,13.15,2025-05-11,1915,Drama
Melissa Taylor,82617711,F,Assunta Spina,3D,14.0,2026-02-23,1915,Drama
Joshua Wilson,78160770,M,Anna Karenina,Normal,8.71,2026-03-11,1914,Drama
Joshua Wilson,78160770,M,Anna Karenina,Normal,8.71,2026-03-11,1915,"Drama,Romance"
Kristin Patterson,52993549,F,La secta de los misteriosos,3D,13.76,2026-04-10,1916,"Crime,Drama,Mystery"
Megan Jones,47340350,F,The Governor's Ghost,Normal,8.67,2026-05-04,1914,Drama
Kevin Jones,53244865,M,The Virgin of the Rocks,Normal,8.3,2026-02-28,1914,Drama
Christian Wiley,20853398,M,The Prodigal Son,3D,11.92,2025-08-20,1907,Drama
Christian Wiley,20853398,M,The Prodigal Son,3D,11.92,2025-08-20,1913,\N
Nancy Stein,46819708,F,La echadora de cartas,3D,11.21,2025-08-13,1914,\N
Taylor Robinson,85315929,F,The Span of Life,3D,12.92,2025-10-31,1914,Drama
Michael Gilbert,35339529,M,Der Eid des Stephan Huller,3D,10.02,2025-11-23,1912,\N
Anna Rodriguez,89733969,F,Hamlet,3D,11.02,2025-12-06,1908,Drama
Anna Rodriguez,89733969,F,Hamlet,3D,11.02,2025-12-06,1910,Drama
Anna Rodriguez,89733969,F,Hamlet,3D,11.02,2025-12-06,1911,Drama
Anna Rodriguez,89733969,F,Hamlet,3D,11.02,2025-12-06,1913,Drama
Anna Rodriguez,89733969,F,Hamlet,3D,11.02,2025-12-06,1914,Drama
Timothy Avery,22158133,M,Without Hope,3D,12.08,2025-10-11,1914,Comedy
Kevin Peters MD,90118009,M,Dolken,Normal,6.08,2025-09-21,1915,Drama
Sharon Ward,21971310,F,Apuntes de la fiesta de la flor,3D,10.97,2026-01-29,1914,Documentary
Patrick Wagner,26735524,M,The Key to Yesterday,Normal,6.49,2025-12-17,1914,Drama
Kevin Johnson,91106984,M,The Cowboy and the Lady,3D,12.52,2025-05-21,1915,"Drama,Romance,Western"
Jeremy Baldwin,17722007,M,The Toll of Mammon,Normal,6.38,2026-02-08,1914,Drama
Lindsay Elliott,41651028,F,A Dança dos Apaches,3D,10.48,2025-11-28,1912,\N
Sandra Coleman,75251178,F,The Crown Prince's Double,3D,11.18,2025-10-28,1915,Drama
Kenneth Preston,10333638,M,Noche de sangre,Normal,8.94,2026-01-16,1914,\N
Hector Mccarthy,33256659,M,A Child of the Prairie,3D,12.74,2026-04-19,1915,"Drama,Western"
Kathryn Cortez,83808772,F,La luz que vuelve,3D,13.86,2025-07-06,1913,\N
Brian Harper,30977861,M,Homenaje a Lanuza,3D,13.23,2026-03-10,1914,Documentary
Michael Brown,36713881,M,Los muertos hablan,Normal,7.17,2025-08-06,1915,Drama
Kimberly Thomas,38543212,F,As Ye Sow,3D,11.83,2026-01-22,1914,Drama
Lisa Smith,20432852,F,The Naked Truth,Normal,6.59,2025-10-25,1914,Drama
Stephanie Chen,71312273,F,The Merchant of Venice,Normal,6.1,2025-06-01,1914,Drama
William Ortiz,67396304,M,The Million Dollar Robbery,Normal,8.86,2026-03-22,1914,Drama
Taylor Alvarado,84760087,F,The Escape,3D,12.29,2025-12-27,1914,Drama
Elizabeth Strickland,16925944,F,Paul J. Rainey's African Hunt,Normal,7.1,2025-08-16,1912,Documentary
Joe Collins,44569803,M,The Mighty Dollar,3D,13.72,2025-10-29,1912,\N
Miranda George,93543858,F,Over Niagara Falls,3D,12.89,2026-04-05,1914,"Crime,Drama"
Rebecca Schmitt,97767757,F,Beneath the Czar,3D,10.76,2025-06-01,1914,Drama
Nicole Hill,54855153,F,After the Ball,3D,12.73,2025-08-28,1914,Drama
Mike Lewis,32438453,M,A Princess of Bagdad,3D,13.43,2025-08-17,1913,"Drama,Fantasy"
Joseph Green,19534965,M,The Diamond from the Sky,3D,10.77,2025-05-28,1915,Adventure
Brandon Hensley,52702167,M,The Tangle,3D,13.12,2025-05-12,1914,"Drama,War"
Joyce Ellis,30300277,F,Verkannt,3D,11.15,2026-05-04,1912,\N
Nancy Wallace,67158409,F,'Neath Austral Skies,Normal,6.17,2026-01-10,1913,\N
Maurice Page,93750761,M,The Birthmark,3D,13.54,2026-01-20,1915,Drama
Holly Weber,58109374,F,The Road to Ruin,Normal,8.54,2025-07-11,1913,Drama
Jeremiah Huynh,86182563,M,The Vulture of Gold,3D,13.78,2026-02-20,1914,\N
Mark Sanders,10699009,M,Don Quijote,Normal,6.98,2025-09-02,1908,Drama
Zachary Green,67031139,M,Sport Hípico,Normal,8.35,2025-06-20,1911,Documentary
Megan Mclaughlin,26687084,F,Grannie,Normal,8.88,2026-04-03,1912,\N
Calvin Tran,80438530,M,The Poison Needle,Normal,8.03,2025-08-26,1914,Drama
Elizabeth Fisher,50682351,F,The Detective Queen,3D,10.5,2025-09-15,1914,Drama
James Robbins,62618822,M,Passionels Tagebuch,3D,11.33,2025-09-25,1916,\N
Matthew Thomas,36553496,M,Prisoner of the Night,Normal,6.39,2025-11-19,1914,\N
Angela Davis,83403190,F,The Banker's Daughter,3D,10.51,2026-05-03,1914,Drama
Kim Kennedy,89054348,F,The Coming Power,Normal,7.71,2025-12-24,1914,Drama
Jessica Hooper,91758866,F,Un día en Xochimilco,Normal,8.93,2026-04-19,1909,\N
Antonio Alvarado,36507414,M,The Corbett-Fitzsimmons Fight,3D,10.14,2026-03-15,1897,"Documentary,News,Sport"
Erika Wells,14149604,F,A Child of the Prairie,3D,11.42,2025-06-02,1915,"Drama,Western"
Bryce Norris,64096337,M,The Eagle's Mate,Normal,6.26,2026-04-22,1914,Drama
Hannah Sanders,41034108,F,The Woman in Black,3D,10.2,2026-05-06,1914,"Drama,Romance"
Valerie Clark,40779826,F,Maskierte Liebe,3D,12.14,2025-12-20,1912,\N
Ivan Vasquez,48511477,M,Macbeth,Normal,8.53,2026-02-20,1913,"Crime,Drama"
Samantha Greer,32054656,F,Half Breed,3D,11.89,2026-04-30,1913,Drama
Sarah Moore,73421098,F,A Woman's Triumph,3D,12.67,2025-12-07,1914,Drama
Timothy Thomas,62905435,M,The Better Woman,Normal,8.45,2026-04-05,1915,Drama
Courtney Paul,12038918,F,Over Niagara Falls,3D,10.53,2026-01-27,1914,"Crime,Drama"
Michael Cross,94728647,M,Die Tangokönigin,3D,11.96,2025-08-31,1913,\N
Ian Gray,54382355,M,La primera y segunda casetas,3D,10.1,2025-09-25,1909,\N
Joshua Wood,84349159,M,Marta of the Lowlands,Normal,8.25,2025-07-13,1914,Drama
Melissa Allen,86871741,F,La conspiration des drapeaux,Normal,6.08,2025-12-08,1912,\N
Paula Keller,20701082,F,The Burglar and the Lady,Normal,6.46,2026-02-21,1914,"Crime,Drama"
Mrs. Connie Bailey,88632329,F,Cameo Kirby,Normal,8.4,2025-05-15,1914,"Action,Drama,Romance"
Jacob Maldonado,27678915,M,Volunteer Organist,3D,13.79,2025-07-02,1913,Drama
Ronald Kane,30216548,M,The Little Gray Lady,Normal,8.54,2025-11-19,1914,Drama
Sarah Garcia,69621499,F,Un portero modelo,Normal,7.51,2025-12-16,1910,\N
Gregory Peters,16032245,M,Fiestas de Santa Lucía - Belenes,3D,10.48,2025-06-21,1909,\N
Walter Gomez,32932067,M,Fantomas: The Man in Black,3D,10.66,2025-08-29,1913,"Crime,Drama"
Derrick Sanchez,70134755,M,Herod,3D,10.44,2026-04-19,1912,\N
Randall Ellis,79001354,M,Through Fire and Air,Normal,6.95,2026-04-16,1913,\N
Lonnie Powell,13635401,M,Maskierte Liebe,3D,11.33,2026-01-04,1912,\N
Sharon Duncan,23729239,F,The Devil,Normal,8.12,2025-09-19,1915,Drama
Vanessa Mack,86747410,F,La primera y segunda casetas,3D,11.64,2026-04-03,1909,\N
Lindsay Schneider,92167406,F,Don Quixote,Normal,8.86,2026-03-30,1915,Drama
Corey Phillips,40797129,M,Tess of the D'Urbervilles,Normal,6.45,2026-02-17,1913,"Drama,Romance"
Thomas Maldonado,85386434,M,The Carpet from Bagdad,Normal,8.28,2025-06-29,1915,Adventure
Gregory Christian,77886250,M,Aloha Oe,3D,11.58,2025-08-11,1915,Drama
Connie Thomas,46379403,F,My Husband's Getting Married,3D,13.4,2025-09-29,1913,Comedy
Hunter Brown,29341624,M,Thais,Normal,6.78,2026-03-24,1914,Drama
James Collier,78207935,M,Volunteer Organist,Normal,8.89,2025-05-22,1913,Drama
Meagan Young,62341879,F,Mother Love,3D,11.36,2026-01-15,1914,Drama
Ronald Fletcher,76068979,M,El crimen del otro,3D,11.25,2025-11-24,1913,\N
Dawn Simon,31332212,F,Valdemar Sejr,Normal,7.61,2025-08-18,1910,"Drama,History"
William Schultz,44374766,M,The Avalanche,Normal,7.18,2025-06-06,1915,Drama
Donna Holt,54193003,F,Mala raza,Normal,8.2,2025-09-10,1913,\N
Diana Simpson,25086593,F,La fuerza del mal,Normal,8.81,2026-04-26,1914,\N
Edward Blair,16721580,M,Tragic Night,3D,10.63,2025-05-15,1914,\N
Joseph Cox,56630835,M,Vicio y virtud,Normal,6.78,2025-06-24,1911,\N
George Perez,21435523,M,A Romance of the Mexican Revolution,Normal,8.99,2025-08-06,1914,Drama
Timothy Oconnell,57182384,M,The Wrath of the Gods,3D,10.37,2025-11-27,1914,"Drama,Romance"
Jonathan Mcpherson,84733140,M,War Is Hell,Normal,7.95,2026-01-09,1914,"Drama,War"
Andrew Atkins,67849676,M,Jane Eyre,Normal,8.77,2026-03-27,1914,Drama
Katherine Smith,82839469,F,Conscience,Normal,7.06,2025-07-07,1917,Drama
Don Smith,66897283,M,Los cabellos blancos,3D,10.38,2025-10-06,1915,\N
Clayton Gutierrez,64871316,M,0-18 or A Message from the Sky,3D,12.58,2026-02-07,1914,"Crime,Drama"
George Love,53243069,M,De Garraf a Barcelona,3D,10.97,2025-11-24,1909,\N
Jason Booth,93609570,M,Business Is Business,3D,13.59,2025-09-11,1915,Drama
Jessica Martinez,86860666,F,Even Unto Death,Normal,7.02,2025-06-13,1914,Drama
William Acevedo,26312903,M,Queen Elizabeth,3D,13.09,2025-06-28,1912,"Biography,Drama,History"
Shawn Freeman,94718552,M,Zu spät,Normal,8.81,2025-11-21,1913,\N
Kendra Rush,82298100,F,The Count of Monte Cristo,3D,11.96,2026-03-27,1913,"Drama,History"
Debra Campbell,42551154,F,Rosalinda,Normal,8.56,2026-02-03,1914,\N
Patricia Henry,66161593,F,Die Eisbraut,Normal,8.47,2026-02-25,1913,\N
Jesse Allen,74290570,M,The Tide of Death,Normal,6.13,2025-07-01,1912,\N
Mary King,25915235,F,La gitanilla,Normal,6.95,2025-12-07,1914,\N
Mark Campbell,97720819,M,Cleopatra,3D,13.44,2026-03-01,1912,"Drama,History"
Joseph Barker,52235500,M,The Spy,3D,11.05,2026-04-29,1914,"Drama,War"
Dustin Turner,17161347,M,After Dark,Normal,7.06,2026-03-28,1915,"Crime,Drama"
Timothy Franco,58032756,M,The Spirit of the Poppy,Normal,6.11,2025-11-02,1914,Drama
Laura Parks,97283043,F,Sein eigner Mörder,3D,12.45,2026-01-28,1914,Horror
Christopher Williams,48784581,M,Salome Mad,3D,12.88,2026-02-11,1909,Comedy
Gary Torres,10154280,M,The Secret of the Mountain,Normal,7.75,2025-08-02,1915,Drama
David Evans,67283229,M,Los cabellos blancos,3D,10.33,2026-03-23,1915,\N
Janet Palmer,33875431,F,Camille,3D,10.92,2026-04-28,1912,"Drama,Romance"
Janet Palmer,33875431,F,Camille,3D,10.92,2026-04-28,1915,Drama
Mr. Kevin Haney,89345131,M,Without Hope,3D,11.25,2025-07-14,1914,Comedy
Lisa Rodgers,79484428,F,The Black Chancellor,3D,12.4,2025-09-05,1912,Drama
Thomas Baxter,30193824,M,The Convict Hero,Normal,8.83,2026-03-10,1911,Drama
Andrew Williams,51145925,M,Den sorte drøm,Normal,6.77,2026-01-15,1911,Drama
Deanna Benson,14809184,F,"The Life of Big Tim Sullivan; or, from Newsboy to Senator",3D,11.62,2025-10-25,1914,Drama
Diana Long,31401442,F,The Battle of Gettysburg,3D,11.04,2025-05-21,1913,"Drama,War"
Tyler Rodriguez,63800226,M,Quo Vadis?,Normal,6.69,2025-08-24,1913,"Drama,History"
Christina Roberts,67364769,F,Zigomar contre Nick Carter,Normal,6.93,2026-02-14,1912,"Crime,Thriller"
Ian Fields,19712139,M,The Fatal Night,Normal,8.55,2026-02-10,1914,"Drama,History"
Carol Williams,62159025,F,The Cub,Normal,7.99,2025-07-14,1915,"Comedy,Drama"
Ashley Lopez,38924593,F,Die Landstraße,Normal,7.07,2025-05-19,1913,\N
Karen Baxter,13229701,F,Corrida de toros en Calatayud,3D,13.83,2025-07-15,1913,\N
Richard Barker,49738684,M,Kapergasten,Normal,7.14,2025-12-26,1910,Drama
Vanessa Huffman,65321964,F,Salomy Jane,3D,13.0,2026-04-28,1914,"Crime,Drama,Western"
Janet Wells,39112660,F,Carmen,Normal,7.52,2025-11-14,1912,\N
Janet Wells,39112660,F,Carmen,Normal,7.52,2025-11-14,1914,\N
Janet Wells,39112660,F,Carmen,Normal,7.52,2025-11-14,1915,"Drama,Musical"
Janet Wells,39112660,F,Carmen,Normal,7.52,2025-11-14,1915,Drama
Nicole Waller,55588883,F,When Broadway Was a Trail,Normal,8.71,2025-11-08,1914,"Drama,History"
Pamela Hernandez,17793945,F,"How Fine, How Fresh the Roses Were",3D,12.57,2026-03-04,1913,Romance
Mr. Aaron Sosa,49200863,M,In the Land of the Head Hunters,Normal,6.28,2025-08-10,1914,"Drama,History"
Kaitlyn Carpenter,79092669,F,Salomy Jane,Normal,8.21,2025-09-25,1914,"Crime,Drama,Western"
Nicole Nielsen,48516782,F,Colonel Carter of Cartersville,Normal,6.57,2025-10-06,1915,"Drama,History"
Wesley Thomas,53629259,M,The Unwelcome Mrs. Hatch,Normal,6.66,2026-04-03,1914,Drama
Jacqueline Smith,39294841,F,With General Pancho Villa in Mexico,3D,12.2,2025-08-10,1913,\N
Sheryl Cruz MD,88545250,F,Fiestas del Coso Blanco en Tarragona,Normal,7.86,2026-01-25,1914,Documentary
April Gross,59130562,F,Life in a Western Penitentiary,3D,13.05,2026-03-11,1914,Documentary
Patricia Dunn,79844694,F,The Opened Shutters,Normal,6.07,2026-02-18,1914,Drama
Derrick Anderson,85454545,M,Die große Sünderin,Normal,8.47,2025-06-11,1914,\N
Crystal Fuentes,33001950,F,The Crime and the Criminal,Normal,8.81,2025-06-16,1912,\N
Eric Davis,39486477,M,The Christian,Normal,6.9,2026-04-23,1914,Drama
Kelli Hernandez,73922455,F,La secta de los misteriosos,3D,10.26,2025-08-04,1916,"Crime,Drama,Mystery"
Yesenia Clark,89707701,F,The Greyhound,3D,12.46,2026-01-20,1914,"Crime,Drama"
Alyssa Hurley,54459421,F,The Greyhound,Normal,7.86,2026-04-10,1914,"Crime,Drama"
Stephanie Bruce,93790661,F,Saved in Mid-Air,Normal,6.08,2025-08-28,1912,Drama
Jason Gordon,79738903,M,La fuerza del mal,3D,12.6,2025-06-27,1914,\N
Sally Maxwell,10703471,F,The Brand,3D,13.94,2025-05-06,1911,\N
Carol Garcia,51336702,F,Such a Little Queen,Normal,6.57,2025-10-28,1914,"Comedy,Drama,Romance"
Danielle Flores,87801565,F,American Game Trails,Normal,8.13,2025-10-01,1915,Documentary
Alexander Torres,63792076,M,Livets konflikter,Normal,6.03,2026-04-29,1913,Drama
Charles Hernandez,28992263,M,Judith of Bethulia,3D,11.91,2025-07-21,1914,Drama
Kathryn Ball,94052057,F,Under the Black Robe,Normal,8.9,2026-01-12,1914,Drama
Christopher Cooper,85470719,M,The Lion and the Mouse,Normal,8.44,2025-11-27,1914,Drama
Erica Gibson,80077032,F,Judge Not,3D,11.67,2025-06-05,1914,Drama
Mrs. Bonnie Moore,79107638,F,Calatayud en fiestas,3D,13.38,2025-05-17,1914,Documentary
Melissa Robinson,62698598,F,A Florida Enchantment,3D,11.19,2025-06-28,1914,Comedy
Dustin West,99136893,M,Leiria,3D,10.5,2025-08-08,1912,Documentary
Jason Rodriguez,22702971,M,Michael Strogoff,Normal,7.55,2025-08-12,1914,Drama
Diane Alvarez,26404661,F,Hamlet,3D,13.04,2025-08-04,1908,Drama
Diane Alvarez,26404661,F,Hamlet,3D,13.04,2025-08-04,1910,Drama
Diane Alvarez,26404661,F,Hamlet,3D,13.04,2025-08-04,1911,Drama
Diane Alvarez,26404661,F,Hamlet,3D,13.04,2025-08-04,1913,Drama
Diane Alvarez,26404661,F,Hamlet,3D,13.04,2025-08-04,1914,Drama
Eric Bray,97554685,M,The Commanding Officer,3D,10.05,2025-05-11,1915,Drama
Eugene Watson,76671969,M,The Battle and Fall of Przemysl,3D,13.9,2026-02-01,1915,Documentary
Monica Lopez,15368045,F,Cuentos baturros,Normal,7.66,2026-04-08,1915,\N
James Anderson,81768818,M,A Cultura do Cacau,Normal,6.63,2025-08-12,1909,\N
Julie Carr,41278281,F,Il y a des pieds au plafond,Normal,8.14,2025-07-05,1912,\N
Caitlin Harrington,79377363,F,The Yellow Traffic,3D,10.4,2026-03-04,1914,Drama
Cole Austin,58949973,M,East Lynne,Normal,6.92,2026-01-21,1913,Drama
Regina Yang,31202454,F,Wildflower,Normal,8.96,2025-08-01,1914,"Drama,Romance"
David Phelps,31171677,M,"10,000 Dollars",3D,12.0,2025-07-03,1915,\N
Anthony Smith,44008780,M,'Neath Austral Skies,3D,12.26,2025-07-02,1913,\N
Kimberly Hernandez,91230458,F,Valdemar Sejr,Normal,6.22,2025-08-10,1910,"Drama,History"
Bryan Hunter,90359193,M,L'infirmière,3D,12.35,2026-03-29,1914,\N
John Clarke,13592478,M,Ungarische Rhapsodie,Normal,7.13,2026-03-01,1913,\N
Thomas Farmer,64888120,M,The Cub,Normal,8.22,2026-02-03,1915,"Comedy,Drama"
Audrey Deleon,79590608,F,Aloha Oe,3D,13.36,2025-09-05,1915,Drama
Joseph Collier,30739697,M,A Gentleman from Mississippi,Normal,6.61,2025-10-28,1914,Drama
Cameron Aguilar,16422526,M,Miraklet: Tavlor ur det katolska samfundslivet,3D,10.81,2026-01-31,1913,Drama
Patricia Porter,56693543,F,The Man on the Box,3D,11.94,2026-01-25,1914,"Comedy,Drama"
Michelle Fernandez,36898307,F,The Idol of Paris,3D,12.89,2025-10-28,1914,"Crime,Drama"
Katherine Reid,34344753,F,Fire and Sword,Normal,6.44,2025-08-29,1914,Adventure
Brad Zimmerman,67890800,M,The Line-Up at Police Headquarters,3D,13.62,2025-09-01,1914,Drama
Kenneth Jones,12474773,M,Taking His Chance,3D,13.04,2025-12-23,1914,\N
John Carter,80090498,M,Where the Trail Divides,Normal,8.72,2026-02-07,1914,"Drama,Western"
Nicholas Green,77502698,M,The Danger Signal,3D,13.7,2025-09-06,1915,Drama
Paul Odonnell,51103421,M,Captivating Mary Carstairs,3D,10.88,2025-05-10,1915,"Comedy,Romance"
Maureen Peters,68365678,F,Gøngehøvdingen,Normal,7.24,2025-11-28,1909,"Drama,War"
Brett Christian,41572964,M,The Brink,Normal,8.32,2026-02-16,1915,"Crime,Drama"
Joseph Potts,93502602,M,The Story of the Kelly Gang,Normal,8.5,2025-07-07,1906,"Action,Adventure,Biography"
Ryan Patel,67242317,M,Beneath the Czar,Normal,6.28,2026-02-19,1914,Drama
John Horn,14433379,M,Skottet,3D,12.51,2026-01-02,1914,\N
Kelly Mcdonald DDS,14262026,F,A Boy and the Law,3D,10.45,2025-10-04,1913,Drama
Elizabeth Brown,67616912,F,My Official Wife,Normal,8.25,2025-11-07,1914,Drama
Joshua Velez,81856458,M,I kammerherrens klæder,3D,11.95,2025-09-02,1914,Comedy
Amanda Parker,47651732,F,The Borrowed Babies,3D,12.06,2025-12-19,1915,Comedy
Andrea Sosa,33078702,F,The Ashes of Revenge,3D,12.8,2026-01-09,1915,Drama
Holly Schmidt,18938303,F,After Dark,3D,13.24,2025-12-11,1915,"Crime,Drama"
Amy Brooks,28806341,F,Miraklet: Tavlor ur det katolska samfundslivet,3D,10.41,2026-04-22,1913,Drama
Jason Young,87072622,M,The Despoiler,3D,12.2,2025-09-10,1915,"Drama,War"
Sarah Bryant,15100625,F,The Unwelcome Mrs. Hatch,Normal,8.93,2026-03-15,1914,Drama
Shari Singleton,59299486,F,Oliver Twist,Normal,8.64,2025-08-05,1912,Drama
Shari Singleton,59299486,F,Oliver Twist,Normal,8.64,2025-08-05,1912,Drama
Jasmin Cunningham,41212763,F,Ten Nights in a Barroom,Normal,6.25,2025-05-22,1913,Drama
Tina Hancock,39377227,F,The Red Flame of Passion,Normal,7.58,2026-03-29,1914,Drama
Daniel Padilla,47703180,M,The Midnight Wedding,Normal,6.9,2025-09-24,1912,Drama
David Jackson,34151543,M,"His Majesty, the Scarecrow of Oz",Normal,6.83,2026-03-10,1914,"Adventure,Comedy,Family"
Christopher Frazier,32110953,M,Hasard,3D,12.78,2025-10-26,1913,\N
Dana Rodriguez,95378644,F,The Red Inn,Normal,7.25,2026-03-10,1910,\N
James Bolton,30254075,M,The Legend of Provence,Normal,8.69,2026-01-14,1913,Drama
Kathleen Singleton,83565696,F,El signo de la tribu,Normal,7.54,2025-09-28,1914,\N
Paul Serrano,16438820,M,The Barnstormers,3D,12.88,2026-03-24,1915,"Comedy,Drama"
Michael Cochran,36449024,M,The Little Jewess,Normal,7.56,2025-05-25,1914,Drama
Drew Martinez,36866382,M,"Wolfe; or, the Conquest of Quebec",Normal,8.26,2025-09-23,1914,"Drama,History"
Jonathan Cochran,86566078,M,La conspiration des drapeaux,3D,12.61,2025-12-24,1912,\N
Nicole Thomas,21106199,F,De Garraf a Barcelona,Normal,6.16,2025-07-28,1909,\N
Michele Kennedy,61740394,F,The Price He Paid,Normal,7.6,2025-10-25,1914,\N
Steven Lopez,37157195,M,La tierra de los naranjos,3D,11.32,2025-08-10,1914,\N
Anthony Morris,98393526,M,The Christian,Normal,6.81,2025-06-05,1914,Drama
Raymond Watson,25878860,M,"His Majesty, the Scarecrow of Oz",Normal,7.36,2025-07-25,1914,"Adventure,Comedy,Family"
Vincent Evans,28523070,M,Barcelona bajo la nieve,3D,12.08,2025-11-20,1913,\N
Laura Holmes,65276667,F,The Silence of Dean Maitland,3D,10.95,2025-05-22,1914,Drama
Carol Pittman,54889134,F,Officer 666,3D,13.0,2026-01-15,1914,Comedy
Sue Russell,15445221,F,The Secret of the Well,3D,12.82,2025-05-21,1914,\N
Isaac Rodriguez,27903182,M,Over Niagara Falls,3D,13.31,2025-11-09,1914,"Crime,Drama"
Brandon Browning,82457446,M,Smashing the Vice Trust,3D,11.78,2025-07-07,1914,"Crime,Drama"
Michele Hickman,84965667,F,La chavala,3D,10.83,2025-11-19,1914,\N
Robert Saunders,51126896,M,Miss Jerry,Normal,7.0,2025-07-13,1894,Romance
Mr. Steven Delgado MD,12022407,M,One Hundred Years of Mormonism,3D,10.48,2025-09-24,1913,"Drama,History"
Benjamin Ross MD,18600059,M,Orozquista Revolution,Normal,8.22,2025-08-09,1912,\N
Kaitlyn Johnson,98668107,F,The Prisoner of Zenda,Normal,6.55,2026-04-19,1913,Adventure
Misty Drake,99150835,F,A becsapott újságíró,Normal,7.58,2025-06-13,1915,\N
Barbara Dunn,77867941,F,Facing the Gattling Guns,3D,11.21,2025-06-28,1914,Drama
April Davis,43737645,F,The Voice at the Telephone,Normal,7.97,2025-12-17,1914,Drama
James Johnson,38173469,M,Zona olivarera,3D,10.7,2025-05-23,1914,Documentary
Dalton Smith,44873222,M,The Cotton King,3D,13.19,2025-09-19,1915,Drama
Olivia Roberts,57404233,F,The Ragged Earl,3D,12.3,2026-02-09,1914,"Comedy,Drama"
Julie Morris,27033375,F,L'homme qui assassina,3D,10.87,2025-10-08,1913,\N
Amber Robbins,13833988,F,Aristocracy,3D,13.39,2025-10-25,1914,Drama
Carl Ramirez,92826199,M,The Vampire Dancer,Normal,7.14,2026-04-25,1912,\N
Andrea Powell,76011055,F,Bánk bán,Normal,8.64,2025-09-26,1915,\N
Thomas Manning,14984282,M,Love Everlasting,3D,11.73,2025-11-08,1914,Drama
Timothy Odonnell,85490114,M,'Round the World in 80 Days,Normal,7.17,2025-09-13,1914,Adventure
Joanna Mayer,38083758,F,The Man on the Box,Normal,7.37,2026-01-28,1914,"Comedy,Drama"
Oscar Garcia,42533523,M,With General Pancho Villa in Mexico,3D,13.91,2026-05-01,1913,\N
Eduardo Rodriguez,70647843,M,Evangeline,Normal,9.0,2025-09-08,1914,Drama
Mario Caldwell,54106327,M,The Master Mind,Normal,8.71,2026-03-18,1914,"Crime,Drama"
Roger Jenkins,76336645,M,Between Men,Normal,8.38,2026-04-11,1915,Drama
Christopher Taylor,57445413,M,The Night Riders of Petersham,3D,11.78,2026-01-05,1914,\N
Daniel Short,21530999,M,A Child of God,Normal,6.71,2026-02-08,1915,Drama
Paul Medina,66290598,M,Fantômas: In the Shadow of the Guillotine,Normal,6.57,2026-03-14,1913,"Crime,Drama"
Kathleen Russo,87376787,F,The Indian Wars,Normal,8.8,2025-11-15,1914,"Biography,Drama,History"
Jennifer Rodriguez,11710086,F,Excursión a San Lorenzo de Munt,3D,13.64,2025-10-16,1912,\N
Malik Farrell,50417309,M,Double Trouble,3D,12.59,2025-09-02,1915,"Comedy,Romance"
Danielle Arnold,60413806,F,The Birthmark,Normal,6.46,2025-05-12,1915,Drama
Christopher Johnson,10075644,M,The Kangaroo,3D,11.93,2025-10-23,1914,Drama
Julie Blevins,43548994,F,Don Juan de Serrallonga,3D,11.71,2025-12-21,1910,"Adventure,Drama"
Jeremy Adams,51271761,M,Beneath the Czar,Normal,8.23,2025-08-15,1914,Drama
Wanda Robertson,35590267,F,The Spirit of the Poppy,Normal,7.21,2025-11-13,1914,Drama
Michelle Powell,77148180,F,Double Trouble,3D,11.02,2026-01-29,1915,"Comedy,Romance"
Michelle Gutierrez,78334652,F,"Hamlet, Prince of Denmark",3D,12.56,2025-05-31,1910,Drama
Laura Cole,20051882,F,The Convict Hero,3D,11.26,2025-05-12,1911,Drama
Manuel Chambers,13420951,M,The Flying Circus,Normal,7.64,2025-05-17,1912,Drama
Jill Stewart,75178002,F,The Carpet from Bagdad,Normal,8.1,2026-01-04,1915,Adventure
Mark Mills,71857948,M,Rosalinda,3D,13.09,2026-04-21,1914,\N
Abigail Gutierrez,10786302,F,Three Weeks,Normal,6.78,2026-01-18,1914,Drama
Anthony Kennedy,86140617,M,El lobo de la sierra,3D,11.83,2026-04-06,1912,\N
Helen Booker,23416604,F,Protect Us,3D,13.41,2025-06-10,1914,Drama
Joseph Brown,62649835,M,The Connecticut Yankee,Normal,8.32,2025-07-05,1910,\N
Amber Mcgee,25268844,F,The Mail Order Wife,3D,12.28,2026-03-22,1912,\N
Patricia Williams,26595943,F,The Black Heart,3D,11.94,2025-05-11,1915,Drama
Kyle Ray,88755090,M,The Man on the Box,Normal,6.03,2025-10-13,1914,"Comedy,Drama"
Natalie Sullivan,48254443,F,Kleiner Svend und seine Mutter,3D,12.28,2025-10-28,1913,Drama
Erin Kelly,49891823,F,The Life of Richard Wagner,Normal,6.65,2025-08-02,1913,"Biography,Drama,History"
Kevin Wu,37145837,M,The Curious Conduct of Judge Legarde,3D,10.1,2026-01-30,1915,Drama
Matthew Peters,69277865,M,Alexandra,3D,11.94,2026-01-09,1914,"Drama,Romance"
Melissa Anderson,35366200,F,My Official Wife,Normal,8.81,2025-05-09,1914,Drama
Katherine Hunter,88588929,F,The Cowardly Way,Normal,7.18,2025-06-16,1915,Drama
Christopher Huynh,87941533,M,The Flying Circus,3D,11.01,2025-07-15,1912,Drama
Kenneth Carter,14722494,M,The Spirit of the Poppy,Normal,7.17,2025-11-29,1914,Drama
Patrick Cohen,60620063,M,A Celebrated Case,3D,11.16,2025-07-04,1914,Drama
Joseph Herrera,55813003,M,La lucha contra el destino,Normal,6.22,2025-12-21,1914,\N
Victor Mullins,11318451,M,Catástrofe de Aguilón,3D,12.92,2025-11-03,1914,Documentary
Christina Pierce,96979529,F,Butter,Normal,7.81,2025-08-02,1916,\N
Samantha Lane,22221355,F,Loyalty,3D,12.62,2025-05-06,1914,\N
Alexander Foster,11995880,M,Fantômas: In the Shadow of the Guillotine,3D,12.12,2026-04-24,1913,"Crime,Drama"
Bradley Hurst,80471748,M,The Murdoch Trial,3D,10.68,2026-01-01,1914,"Crime,Drama"
Holly Hughes,50364391,F,The College Orphan,3D,12.87,2025-06-11,1915,"Comedy,Drama"
Alexander Miller,67672451,M,The Stranglers of Paris,3D,13.46,2025-08-06,1913,"Crime,Drama"
Katherine Kelly,31810397,F,El signo de la tribu,3D,11.03,2025-06-10,1914,\N
Rebekah Briggs,12038088,F,Tess of the D'Urbervilles,3D,10.05,2026-01-30,1913,"Drama,Romance"
Thomas Barker,70489244,M,Heilig recht,Normal,6.73,2025-11-12,1914,Drama
Ryan Perez,73393489,M,The Curious Conduct of Judge Legarde,3D,10.24,2025-09-19,1915,Drama
Timothy Johnson,91079469,M,The Shame of the Empire State,3D,10.19,2025-10-28,1913,"Crime,Drama"
Jordan Thomas,94377345,M,The Wreck,Normal,6.94,2025-08-01,1913,Drama
Jennifer Brown,13740233,F,The Volunteer Parson,3D,12.81,2025-06-16,1914,Drama
Kelsey Hill,51125796,F,The Wrath of the Gods,3D,11.06,2025-08-20,1914,"Drama,Romance"
Tyler Bell,97004374,M,Prueba trágica,Normal,6.53,2025-07-08,1914,\N
Bobby Jensen,34683515,M,Conscience,Normal,6.4,2025-06-17,1917,Drama
David Foster,18298832,M,The Legend of Provence,3D,11.65,2026-01-26,1913,Drama
Renee Johnson,16728806,F,"10,000 Dollars",3D,10.85,2025-07-30,1915,\N
Doris Cooper,97270032,F,Jarní sen starého mládence,Normal,8.48,2025-07-22,1913,Comedy
Krista Robinson,15378467,F,Too Late,Normal,8.45,2025-09-28,1914,Drama
Toni Fitzgerald,60573917,F,The Human Bloodhound,Normal,7.92,2025-05-13,1914,Drama
Ian Gonzalez,74881212,M,The Pursuit of the Phantom,Normal,6.91,2025-07-02,1914,Drama
Janice Smith,97714812,F,Julius Caesar,Normal,7.31,2025-06-25,1914,"Drama,History"
Melissa White,59236979,F,The Black Diamond,Normal,8.84,2026-03-11,1913,\N
Miranda Jacobs,81599430,F,Prisoner of the Night,3D,10.92,2025-12-28,1914,\N
Holly Bailey,47160490,F,The Borrowed Babies,Normal,7.17,2026-04-17,1915,Comedy
James Stewart,61408564,M,The Sign of the Cross,3D,11.52,2026-01-02,1914,Drama
Jack Cox,39922783,M,In the Bishop's Carriage,3D,10.15,2025-11-08,1913,"Crime,Drama"
Scott Jones,69060893,M,Sherlock Holmes VI,3D,11.21,2026-01-28,1910,\N
Sara Lee,68304322,F,Across America by Motor Car,Normal,7.75,2025-11-10,1914,Documentary
Stephen Hernandez,92233428,M,Colorado,3D,11.01,2025-11-13,1915,"Drama,Western"
Stephen Oliver,30304454,M,The Life of General Villa,Normal,8.34,2025-05-24,1914,"Action,Adventure,Biography"
Michael Dunn,65960815,M,La mort du duc d'Enghien,Normal,7.75,2025-12-22,1912,\N
Diane Larson,17083097,F,The Fairylogue and Radio-Plays,Normal,6.87,2025-11-07,1908,"Adventure,Fantasy"
Christopher Todd,11005700,M,The Golem,Normal,8.08,2025-11-06,1914,Horror
Peter Castro,34681066,M,Should a Woman Divorce?,3D,12.03,2026-04-10,1914,Drama
Sarah Hall,66028858,F,Nell of the Circus,3D,13.91,2025-06-20,1914,Drama
Karen Hale,95517463,F,Fantasma,3D,10.34,2025-07-12,1914,Fantasy
Scott Barnes,95753665,M,Tillie's Punctured Romance,Normal,7.06,2025-05-15,1914,Comedy
Faith Christian,53247066,F,How the German General Signed a Pact with the Devil,Normal,8.05,2026-02-17,1914,\N
Jennifer Nelson,86809592,F,The Fortune Hunter,Normal,8.46,2025-11-13,1914,Comedy
Christopher Townsend,85498079,M,The Spoilers,3D,10.98,2026-05-02,1914,"Drama,Western"
Michael Ingram PhD,78043055,M,"The War of Wars; or, the Franco-German Invasion",3D,10.13,2026-04-29,1914,War
Kirsten Hernandez,49484859,F,For Freedom of Cuba,Normal,6.42,2025-06-02,1912,\N
Tyler Potter,55052584,M,On the Belgian Battlefield,3D,10.32,2025-07-01,1914,Documentary
Eric Watkins,94443418,M,"Forgiven; or, the Jack of Diamonds",3D,10.2,2025-07-31,1914,Drama
Justin Spears,85912821,M,El amor hace justicia,Normal,6.94,2026-03-15,1915,\N
Victor Mccormick,11495881,M,El calvario de un héroe,3D,12.41,2025-08-02,1914,\N
Clinton Morales,70382487,M,Alone in New York,3D,10.42,2025-10-08,1914,"Crime,Drama"
Michael Jackson,80802405,M,The Ordeal,Normal,8.1,2026-03-20,1914,War
Ryan Myers MD,64661422,M,Officer 666,Normal,8.45,2026-04-26,1914,Comedy
Scott Thomas,20508567,M,Officer 666,3D,11.02,2025-05-07,1914,Comedy
Steve Rose,49202550,M,El amor hace justicia,Normal,8.86,2025-08-05,1915,\N
Diana Gilmore,70263421,F,'Round the World in 80 Days,3D,11.18,2025-08-08,1914,Adventure
Heather Parker,31944792,F,The Corbett-Fitzsimmons Fight,3D,12.44,2026-02-11,1897,"Documentary,News,Sport"
Joel Shaw,99985048,M,The Golem,3D,11.29,2025-07-27,1914,Horror
Christopher Pruitt,30390278,M,A Child of God,3D,12.62,2026-04-25,1915,Drama
Gregory Poole,96499929,M,Wenn die Maske fällt,3D,13.0,2025-08-07,1912,\N
Eric Farmer,66612508,M,"A Fight for Freedom; or, Exiled to Siberia",3D,12.45,2025-06-11,1914,Drama
Joseph Hall,67820722,M,Judith of Bethulia,Normal,6.29,2025-11-28,1914,Drama
Brianna Delgado,72965673,F,I kammerherrens klæder,3D,13.8,2025-12-25,1914,Comedy
Andrew Gordon,20564795,M,A Black Sheep,3D,13.02,2025-06-13,1915,Comedy
Mr. John Jackson,89121717,M,The Conspiracy,Normal,8.11,2025-11-05,1914,"Crime,Drama,Mystery"
Gary Harris,82507669,M,"Home, Sweet Home",3D,13.19,2025-09-30,1914,Drama
Lawrence Fernandez,37648480,M,Crooky,3D,11.16,2026-04-15,1915,Comedy
Tamara Foster,24553082,F,"Destiny: or, the Soul of a Woman",Normal,8.02,2025-05-23,1915,Drama
Adam Martin,44697545,M,Novillada de beneficencia en Zaragoza,3D,10.32,2025-06-13,1913,\N
Anna Evans,66443275,F,El hijo del mar,3D,10.9,2025-12-28,1913,\N
Karen Martinez,49387273,F,The War Extra,Normal,7.49,2025-07-18,1914,"Drama,History,War"
Cindy Maynard,32525083,F,Alone in New York,Normal,8.33,2026-03-22,1914,"Crime,Drama"
David Mccarthy,81664043,M,Entre ruinas,3D,13.07,2026-04-23,1914,\N
John Jones,19884132,M,Judith,3D,10.67,2025-12-02,1912,\N
Mr. Ernest Santos,80746939,M,The Devil,Normal,6.17,2025-06-10,1915,Drama
Shelly Mueller,78840064,F,Niños en la alameda,3D,11.56,2025-08-19,1909,\N
Casey Villa,74005076,M,Anna Karenina,3D,12.37,2025-12-13,1914,Drama
Casey Villa,74005076,M,Anna Karenina,3D,12.37,2025-12-13,1915,"Drama,Romance"
Robert Clark,98458668,M,A Branded Soul,Normal,6.32,2025-08-16,1917,"Drama,Romance"
Matthew Hall,43124830,M,Statistinnen des Lebens,3D,11.44,2026-01-01,1913,\N
Richard Vasquez,87127799,M,The Million Dollar Robbery,3D,12.89,2025-09-07,1914,Drama
Dawn Gill,94306104,F,The Conspiracy,3D,13.96,2025-07-16,1914,"Crime,Drama,Mystery"
Cameron Robinson,62711798,M,Queen Elizabeth,Normal,8.13,2025-10-31,1912,"Biography,Drama,History"
Barbara Livingston,34347600,F,Le camée,Normal,6.85,2025-11-12,1913,\N
Jason Wood,60396346,M,The Colonel's Son,3D,10.49,2025-07-01,1912,\N
Ashley Richards,86763908,F,Apuntes de la fiesta de la flor,3D,12.09,2025-05-06,1914,Documentary
Joseph Young,30526970,M,The Master Mind,Normal,7.77,2026-01-20,1914,"Crime,Drama"
William Walker,45503069,M,The Fringe of War,3D,12.69,2025-11-01,1914,"Drama,War"
Natasha Leach,53684388,F,"The War of Wars; or, the Franco-German Invasion",3D,11.51,2025-05-17,1914,War
David Valencia,12157590,M,Entre ruinas,3D,13.56,2025-08-04,1914,\N
Carla Acevedo,72551743,F,Do Men Love Women?,3D,12.56,2026-03-01,1912,\N
Tina Clark,52355179,F,Rescue of the Stefansson Arctic Expedition,Normal,7.11,2026-01-03,1914,Documentary
Shannon Cruz,36828516,F,Homenaje a Lanuza,3D,10.74,2025-11-16,1914,Documentary
Chad Holmes,10431115,M,The Adventures of a Madcap,3D,10.61,2025-11-15,1915,"Comedy,Drama"
Brian White,37292722,M,The Man Who Disappeared,3D,11.39,2025-08-03,1914,Thriller
Austin Curtis,39003577,M,The Bridge of Sighs,3D,13.58,2025-06-06,1915,Drama
Emily Rivera,49380205,F,Temblor de 1911 en México,Normal,6.73,2026-03-12,1911,\N
Kristina Hardy,37036734,F,The Adventures of a Madcap,3D,12.17,2026-03-10,1915,"Comedy,Drama"
Noah Decker,32501047,M,Coral,Normal,6.1,2026-01-21,1915,Drama
Brittney Johnson,42713552,F,The Adventures of Andy Clark,3D,13.05,2026-01-12,1914,"Adventure,Comedy"
Elizabeth Gibbs,46928227,F,The Thief,3D,10.65,2025-08-09,1914,Drama
Kimberly Browning,95002351,F,Bianco contro negro,3D,13.56,2025-09-16,1913,\N
Joshua Davis,27322731,M,Lægens offer,Normal,6.48,2025-09-17,1909,\N
Jesus Oneill,65890043,M,Mother Love,3D,13.27,2025-12-23,1914,Drama
David Sanders,83588003,M,El modelo de virtudes,Normal,8.64,2026-02-08,1913,\N
Margaret Collins,12328344,F,La chavala,Normal,6.21,2025-11-21,1914,\N
Patricia Walsh,60207762,F,The Scales of Justice,3D,12.51,2025-12-17,1914,Drama
Jennifer Jacobs,18973876,F,The Student of Prague,3D,13.9,2025-09-01,1913,"Drama,Fantasy,Horror"
Randy Wallace,73012692,M,The Man from the Golden West,3D,11.44,2026-04-30,1913,"Adventure,Crime,Drama"
Rhonda Price,29739143,F,The Adventures of a Madcap,3D,11.71,2025-07-06,1915,"Comedy,Drama"
Holly Holland,38634740,F,Mrs. Black Is Back,Normal,6.09,2025-05-18,1914,Comedy
Glenn Harrison,91132240,M,Count DeBesa's Mexican Pictures,Normal,8.83,2025-11-03,1915,Documentary
Wendy Powell,20745233,F,Madero al sur del país,3D,13.31,2026-01-03,1911,\N
Valerie Bennett,48799278,F,Revolução de 5 de Outubro,3D,12.47,2026-02-03,1910,Documentary
Denise Flynn,31763283,F,Nell Gwynne,3D,13.59,2025-12-25,1911,"Biography,Drama,History"
Matthew Chapman,79754152,M,Judge Not,Normal,8.41,2025-07-09,1914,Drama
Tonya Kemp,78217580,F,"The Life of Big Tim Sullivan; or, from Newsboy to Senator",3D,12.67,2025-06-06,1914,Drama
Robert Fitzgerald,40503032,M,Zudora,3D,11.75,2025-10-20,1914,"Adventure,Mystery"
Reginald Harvey,92457731,M,The Lipton Cup: Introducing Sir Thomas Lipton,Normal,8.5,2025-05-13,1913,"Drama,Sport"
Lisa Williams MD,22859216,F,The Bigger Man,Normal,8.72,2026-04-10,1915,Drama
Adam Smith,54399977,M,The Avenging Conscience: or 'Thou Shalt Not Kill',3D,12.75,2025-11-19,1914,"Crime,Drama,Horror"
Samuel Hill,71397226,M,The Dictator,Normal,8.05,2025-05-18,1915,"Adventure,Romance"
Emily Roberts,17119032,F,Shore Acres,Normal,8.19,2025-08-18,1914,Drama
Jackie Johnson,13082138,F,Eclipse de sol,Normal,7.33,2025-10-10,1912,\N
Angela Webb,61305639,F,Beulah,Normal,6.49,2025-11-13,1915,Drama
Courtney Elliott,72471868,F,The Circular Staircase,3D,10.28,2026-03-13,1915,Mystery
Anthony Morrison IV,69406572,M,The Straight Road,Normal,7.65,2025-10-24,1914,"Drama,Romance"
Christopher Cantu,38888583,M,The Crucible,Normal,6.31,2025-09-08,1914,"Drama,Romance"
Tiffany York,77978401,F,The Life of General Villa,3D,10.61,2025-08-17,1914,"Action,Adventure,Biography"
Randy Chang,33929361,M,Die große Sünderin,3D,12.38,2025-11-13,1914,\N
Julie Guerrero,80344983,F,Det blaa vidunder,Normal,8.53,2025-08-25,1915,Comedy
Keith Cox,14536194,M,"Home, Sweet Home",3D,13.7,2025-11-12,1914,Drama
Christopher Boyd,99418252,M,The Miner's Curse,Normal,7.27,2025-05-13,1911,Drama
Anthony Harmon,84130090,M,The House Next Door,3D,13.1,2026-04-22,1914,Drama
Lauren Smith,74939308,F,Springtime,Normal,8.75,2025-11-19,1914,Drama
Hector Cruz,60684097,M,The Walls of Jericho,3D,11.24,2025-05-15,1914,Drama
Julia Hart,52542244,F,The Ghost Breaker,3D,10.3,2025-05-08,1914,"Adventure,Horror"
Elizabeth Ferrell,64012946,F,The Man from the Golden West,3D,10.14,2025-09-25,1913,"Adventure,Crime,Drama"
Tiffany Welch,31116208,F,"The Pendleton, Oregon, Round-Up",Normal,7.36,2026-03-28,1913,Documentary
Rebecca Miller,92475918,F,Bánk bán,Normal,8.23,2025-10-08,1915,\N
Patrick Porter,51637774,M,"Ireland, a Nation",Normal,6.97,2025-08-28,1914,"Drama,History"
Sarah Gordon,69757960,F,Mute Witnesses,Normal,6.36,2025-10-15,1914,Drama
Joseph Cohen,42410159,M,The Voice at the Telephone,Normal,8.47,2025-05-08,1914,Drama
Samantha Smith,75490847,F,Carmen,Normal,8.19,2026-02-06,1912,\N
Samantha Smith,75490847,F,Carmen,Normal,8.19,2026-02-06,1914,\N
Samantha Smith,75490847,F,Carmen,Normal,8.19,2026-02-06,1915,"Drama,Musical"
Samantha Smith,75490847,F,Carmen,Normal,8.19,2026-02-06,1915,Drama
Lori Bean,84890469,F,Maskierte Liebe,3D,11.62,2026-05-02,1912,\N
Craig Whitney,56895699,M,Checkers,3D,11.75,2026-01-06,1913,"Comedy,Drama"
Kathleen Schultz,83696862,F,Badehotellet,3D,12.79,2026-04-29,1915,Drama
Antonio Davis,56131205,M,The Man on the Box,3D,10.4,2026-01-24,1914,"Comedy,Drama"
Allison Holt,87470263,F,A Butterfly on the Wheel,Normal,8.52,2026-01-11,1915,Drama
Rhonda Wallace,79538536,F,A Record Hustle Through Foggy London,3D,11.83,2026-01-14,1910,\N
Isabella Thompson,72933543,F,The Adventures of Lieutenant Petrosino,Normal,8.68,2025-12-19,1912,Drama
Bryan Wilson,12358681,M,Captain Alvarez,Normal,7.07,2026-04-25,1914,Drama
Linda Smith,92735693,F,Ansigttyven I,Normal,8.82,2025-06-27,1910,Crime
Tiffany Miller,14331218,F,La malquerida,Normal,6.39,2026-02-09,1914,\N
Cody Fleming,21796070,M,The Adventures of Buffalo Bill,3D,10.29,2026-02-19,1917,"Documentary,Drama,Western"
Patrick Smith,34901910,M,The Governor's Ghost,Normal,8.37,2025-08-31,1914,Drama
Jay Jones,89628929,M,Richelieu,3D,11.72,2026-03-03,1914,"Drama,History,Romance"
Donald Yu,59196312,M,Escaped from Siberia,Normal,8.27,2026-04-30,1914,Drama
Bailey Taylor,79792966,F,The Spirit of the Conqueror,Normal,7.13,2025-07-15,1914,Drama
John Nguyen,76132115,M,At Bay,Normal,7.69,2025-06-23,1915,Drama
Kara Brown,37465289,F,The Ring and the Man,Normal,7.87,2025-10-09,1914,Drama
Tyler Wyatt,36268933,M,The Chalice of Courage,Normal,6.52,2026-02-07,1915,"Action,Drama,Romance"
Stephanie White,66495812,F,La primera y segunda casetas,3D,12.59,2026-05-06,1909,\N
Eric Osborne,60237561,M,Coral,3D,10.95,2026-01-20,1915,Drama
Sarah Camacho,78267048,F,El cuervo del campamento,3D,13.56,2025-12-18,1914,\N
William Roberts,82905530,M,Loyalty,Normal,8.84,2026-03-06,1914,\N
Regina Williams,72855487,F,Captain Swift,Normal,7.17,2025-05-24,1914,Drama
Cody Delacruz,66374578,M,The Concealed Truth,3D,12.44,2025-12-08,1915,Drama
Melissa Barnes,70809080,F,Don Juan de Serrallonga,Normal,8.6,2025-06-18,1910,"Adventure,Drama"
Alejandro Dixon,29653295,M,Viernes de dolores,3D,13.4,2025-09-26,1909,\N
Tanya Moore,60331613,F,"Romani, the Brigand",3D,12.56,2026-04-15,1912,\N
Jason Riley,38862273,M,David Harum,3D,10.96,2026-01-22,1915,"Comedy,Drama,Romance"
Matthew Williams,29207964,M,With Serb and Austrian,Normal,6.58,2025-06-30,1914,Drama
David Mitchell,78322202,M,The Sparrow,3D,10.8,2025-09-01,1914,\N
Kristin Davis,68663371,F,Marocco en het Vreemdelingenlegioen,Normal,6.29,2025-11-15,1912,\N
Tammy Joyce,22429589,F,El sueño milagroso,3D,11.95,2025-09-22,1909,\N
Paige Roberts,84858949,F,The Closing Net,3D,10.86,2025-07-19,1915,"Crime,Drama"
Christopher Bridges,11992307,M,A Sister to Carmen,Normal,7.06,2026-04-22,1913,Drama
Jessica Williams,57105667,F,Leiria,3D,13.27,2025-09-13,1912,Documentary
Jasmine Stanley,48544917,F,The Mystery of the Poison Pool,3D,13.94,2025-08-17,1914,Adventure
Jeremy Richardson,17003305,M,The Battle of Ballots,Normal,6.12,2025-11-23,1915,Drama
John Hernandez,72143694,M,Revolução de 5 de Outubro,3D,11.71,2025-10-02,1910,Documentary
Eric Williams,88466673,M,The Master Mind,3D,10.05,2025-11-17,1914,"Crime,Drama"
Benjamin Hunt,36596368,M,The Spy,Normal,6.96,2026-03-25,1914,"Drama,War"
Sandra Allen,49845934,F,The Tide of Death,Normal,8.69,2025-08-06,1912,\N
Jasmine Gomez,95223366,F,Jane Eyre,3D,11.58,2025-06-29,1914,Drama
Scott Ware,91480727,M,Rainey's African Hunt,Normal,6.51,2025-07-06,1914,Documentary
Frank Lucas,97981026,M,Beby y su circo,Normal,6.3,2025-07-25,1915,Comedy
Kelly Ramirez,81548420,F,The Little Jewess,Normal,7.31,2025-09-07,1914,Drama
Michael Kent,63502411,M,La dame de Monsoreau,Normal,6.72,2025-07-29,1913,\N
Kimberly Tyler,39546041,F,The Vampire Dancer,3D,12.67,2026-04-04,1912,\N
Audrey Becker,46866413,F,Amor de bestia,Normal,8.85,2026-01-16,1912,\N
Jeanette Hutchinson,24353829,F,Lola,3D,10.13,2025-09-10,1914,Drama
Tonya Ewing,98017354,F,The Last Volunteer,Normal,8.97,2026-01-03,1914,"Drama,War"
Dustin Rodriguez,87258375,M,The Line-Up at Police Headquarters,Normal,8.35,2025-12-14,1914,Drama
Jacob Austin,21524086,M,El pobre Valbuena,Normal,8.18,2026-03-24,1910,\N
Corey Johnston,44615300,M,Tortures Within Prison Walls,3D,10.34,2025-08-08,1913,Drama
Mrs. Debra Alexander,51467197,F,Love,Normal,6.97,2025-09-09,1914,\N
Scott Fernandez,48112896,M,El caballero Casarroja,3D,11.21,2026-02-18,1914,\N
Laura Davis,48890854,F,Mrs. Black Is Back,Normal,7.75,2025-11-04,1914,Comedy
Michael Williams,40947515,M,The Sign of the Cross,3D,12.51,2025-06-19,1914,Drama
Kimberly Gonzalez,11673091,F,Ingeborg Holm,Normal,6.15,2026-03-29,1913,Drama
Kristen Rowland,72928968,F,Cardinal Richelieu's Ward,3D,12.94,2026-02-07,1914,Drama
Michele Nguyen,87297405,F,Sport and Travel in Central Africa,3D,12.4,2025-12-29,1914,"Adventure,Documentary"
Jessica Johnson,42459645,F,The Better Man,Normal,7.33,2025-08-24,1914,Drama
Karen Obrien,58791240,F,Bought,3D,10.44,2025-07-22,1915,Drama
Donna Palmer,47802585,F,The Carpet from Bagdad,Normal,8.42,2026-01-05,1915,Adventure
Wayne Flores,97715209,M,The Sin of a Woman,Normal,7.79,2025-07-22,1912,\N
Carl Braun,54900500,M,Atop of the World in Motion,Normal,8.01,2026-02-22,1912,Documentary
Mark Wilson,73522262,M,The Adventures of Buffalo Bill,3D,13.6,2025-05-07,1917,"Documentary,Drama,Western"
Steven Kramer,40581375,M,The Opened Shutters,3D,11.39,2026-02-07,1914,Drama
Michael Rogers,75853751,M,Queen Elizabeth,3D,11.6,2025-06-20,1912,"Biography,Drama,History"
Andrew Walton,15827742,M,Stormfågeln,Normal,8.94,2025-09-14,1914,Drama
Tiffany Lawson,93997413,F,Alias Jimmy Valentine,3D,12.93,2026-03-14,1915,"Crime,Drama"
Courtney Riddle,68760964,F,The Might of Gold,3D,11.66,2025-07-11,1912,\N
Erica Vincent,11321805,F,"Cocaine Traffic; or, the Drug Terror",Normal,6.28,2025-07-31,1914,Drama
Lisa Cooper,14264688,F,The Circular Staircase,Normal,6.29,2025-11-11,1915,Mystery
Patrick Bailey,16558352,M,The Dishonored Medal,Normal,7.08,2025-11-18,1914,Adventure
Tiffany Ramirez,34657478,F,Lucille Love: The Girl of Mystery,Normal,6.55,2026-02-06,1914,Action
Bruce Krueger,88136785,M,The Spy,Normal,6.73,2025-12-07,1914,"Drama,War"
Victoria Campbell,75292438,F,Dr. Mawson in the Antarctic,Normal,8.6,2026-01-18,1913,Documentary
Vanessa Avila,62635166,F,El regalo de bodas,3D,10.93,2025-10-05,1914,\N
Alan Harding,48755966,M,The Walls of Jericho,Normal,7.11,2026-02-07,1914,Drama
Mrs. Angel Davis,70862622,F,The Last Egyptian,3D,12.9,2025-07-21,1914,"Adventure,Drama,Romance"
Frank Smith,25440735,M,The Seed of the Fathers,3D,10.67,2025-06-20,1913,"Drama,War"
Cheryl Young,85020513,F,Anfisa,Normal,8.61,2025-06-12,1912,Drama
Jimmy Long,62529694,M,La lucha contra el destino,3D,11.82,2026-04-11,1914,\N
Joann Underwood,93629542,F,Should a Woman Divorce?,3D,11.78,2025-08-08,1914,Drama
Patricia Perez,64137579,F,A Dog's Tale,Normal,6.49,2026-05-04,1911,\N
Karen Parker,26689795,F,Colorado,3D,10.32,2025-08-21,1915,"Drama,Western"
Victoria Davis,96226314,F,A Sister to Carmen,Normal,8.7,2025-12-19,1913,Drama
Susan Romero,36314089,F,A Princess of Bagdad,3D,12.73,2025-07-06,1913,"Drama,Fantasy"
Angela Price,67559643,F,La conspiration des drapeaux,Normal,6.29,2026-04-04,1912,\N
Mason Lopez,92235145,M,The Climbers,3D,11.76,2026-03-30,1915,Drama
Stephanie Brown,54888696,F,Cuentos baturros,3D,12.29,2026-02-06,1915,\N
Susan Lopez,62586321,F,Dr. Rameau,3D,12.95,2025-08-31,1915,Drama
Douglas Taylor,70395538,M,Barcelona bajo la nieve,3D,10.15,2026-01-16,1913,\N
Christy Schaefer,35987371,F,The Adventures of a Madcap,3D,12.88,2025-07-19,1915,"Comedy,Drama"
Melissa Barry,91238749,F,Life in a Western Penitentiary,Normal,6.12,2025-06-23,1914,Documentary
David Butler,68946284,M,The Land of the Lost,3D,10.85,2025-05-27,1914,Drama
James Lawson,29981250,M,Betty in Search of a Thrill,3D,12.71,2026-03-24,1915,"Adventure,Comedy,Drama"
Scott Cuevas Jr.,33315731,M,The Curious Conduct of Judge Legarde,3D,11.93,2026-02-09,1915,Drama
Jasmine English MD,81400946,F,Brewster's Millions,Normal,6.36,2026-01-31,1914,Comedy
Richard Evans,85943229,M,C.O.D.,3D,13.87,2025-11-29,1914,Comedy
Theodore Stevens,53962241,M,The Monster and the Girl,Normal,8.89,2025-10-12,1914,Drama
Grace Vazquez,51221633,F,Amor gitano,Normal,6.63,2026-04-04,1910,\N
Brenda Jones,13217853,F,A Princess of Bagdad,3D,12.27,2026-01-14,1913,"Drama,Fantasy"
Lori Castillo,39004109,F,Brewster's Millions,3D,10.27,2025-06-10,1914,Comedy
Jeremy Edwards,43222186,M,The Mysterious Mr. Wu Chung Foo,Normal,7.36,2025-10-18,1914,Drama
Andrew Williams,52839253,M,Alice in Wonderland,Normal,6.24,2025-09-22,1915,"Adventure,Family,Fantasy"
Christie Sellers,12977897,F,Her Own Money,Normal,6.33,2025-12-31,1914,\N
John Taylor,46404316,M,Cohen's Luck,3D,10.53,2025-08-17,1915,Comedy
Mrs. Cheryl Cabrera MD,58466535,F,Robbery Under Arms,3D,13.72,2025-09-16,1907,Drama
Melissa Jordan,42409269,F,Die Sumpfblume,3D,11.06,2026-03-04,1913,\N
Michael Parsons,75459772,M,Amigas siempre,3D,10.65,2026-04-16,1914,\N
Teresa Roberts,36750369,F,The Black Diamond,Normal,6.43,2026-04-28,1913,\N
Stephen Chase,94635563,M,Atop of the World in Motion,Normal,6.39,2025-06-29,1912,Documentary
Micheal Frye,38820065,M,Beulah,3D,13.85,2026-03-02,1915,Drama
Brittany Escobar,14272965,F,The Commanding Officer,Normal,7.36,2026-05-04,1915,Drama
Timothy Contreras,49899779,M,Facing the Gattling Guns,Normal,7.73,2025-11-19,1914,Drama
Andrew Curtis,97409157,M,La pierre philosophe,3D,11.88,2025-10-20,1912,\N
Lisa Farley,20668865,F,At the Cross Roads,3D,12.35,2025-08-05,1914,Drama
Tammy Harper,21294525,F,The Man from Home,3D,10.67,2026-04-29,1914,Drama
Isaac Allen,32843683,M,Called Back,Normal,7.83,2025-11-19,1914,Drama
Allen Skinner,51123247,M,La última danza,Normal,8.52,2026-03-13,1915,\N
Vanessa Sheppard,86760963,F,A Venetian Night,Normal,7.53,2026-04-07,1914,\N
Stephanie Richard,50434074,F,What Is to Be Done?,3D,13.89,2025-10-27,1914,Drama
Robert Randolph,66281088,M,"The Life of Big Tim Sullivan; or, from Newsboy to Senator",3D,13.82,2025-07-20,1914,Drama
Allison Jones,98080307,F,The Long Arm of the Law,3D,10.72,2026-03-14,1914,Adventure
John Snyder,57544077,M,1915 World's Championship Series,Normal,7.28,2026-04-05,1915,"Documentary,Sport"
Amber Ramsey,30918417,F,Jahreszeiten des Lebens,3D,10.81,2025-08-27,1915,\N
Bradley Monroe,19811412,M,Ready Money,3D,11.92,2025-05-24,1914,"Comedy,Crime,Drama"
William Wang,84688578,M,The Money Lender,3D,13.91,2025-11-24,1914,Drama
Richard Carter,11354222,M,The Chorus Lady,Normal,6.63,2026-01-07,1915,"Comedy,Drama,Romance"
Mrs. Madison Stevens,77119658,F,Aurora Leigh,Normal,7.61,2025-08-10,1915,Drama
Isaac Bell,25571369,M,Colorado,3D,12.16,2025-11-01,1915,"Drama,Western"
Jessica Taylor,45377753,F,Lucha por la herencia,Normal,6.81,2026-05-06,1911,\N
William Owens,21002394,M,Statistinnen des Lebens,Normal,7.8,2025-09-26,1913,\N
Matthew Robinson,83786003,M,The Battle of Love,Normal,6.44,2025-08-14,1914,Drama
Timothy Anderson,82219866,M,"Joliet Prison, Joliet, Ill.",Normal,6.16,2025-12-04,1914,Documentary
Melanie Valentine,12744379,F,The Arrival of Perpetua,Normal,6.1,2026-03-28,1915,Comedy
John Bass,52531543,M,The Escape,Normal,6.02,2026-05-03,1914,Drama
Michael Day,85993057,M,Enoch Arden,3D,13.06,2025-11-08,1914,Drama
John Johnson,11504288,M,Three Weeks,Normal,7.14,2026-04-21,1914,Drama
Bruce Chang,12185577,M,Wenn die Maske fällt,3D,11.43,2025-11-09,1912,\N
Frank Ortiz,91187436,M,Diego Corrientes,3D,12.51,2025-08-25,1914,\N
John Armstrong,88854193,M,"Hamlet, Prince of Denmark",Normal,6.84,2025-10-20,1910,Drama
Valerie Johnson,61466898,F,The Dollar Mark,3D,11.25,2026-04-15,1914,Drama
Elizabeth Hoover,49744487,F,Protección de un convoy de víveres en el puente de camellos,3D,11.21,2025-08-06,1909,\N
Jonathan Gibbs MD,91800420,M,Atop of the World in Motion,3D,10.08,2025-05-07,1912,Documentary
Jason Rios,17734481,M,The Bigger Man,3D,10.73,2025-06-26,1915,Drama
Benjamin Lucas,17345760,M,Betty in Search of a Thrill,3D,12.79,2026-03-31,1915,"Adventure,Comedy,Drama"
Jonathan Johnson,50778936,M,Concurso Hípico no Porto,Normal,8.07,2026-04-05,1912,Documentary
James Gomez,40527438,M,Passionels Tagebuch,Normal,8.9,2025-09-30,1916,\N
Jeffrey Luna,31277899,M,Conscience,Normal,7.64,2025-10-28,1917,Drama
Janice Murray,50842614,F,Revolução de 5 de Outubro,3D,13.09,2026-02-04,1910,Documentary
Donald Dougherty,14786250,M,An Affair of Three Nations,3D,13.79,2026-01-02,1915,Mystery
Bryan Cantrell,11533238,M,La malquerida,Normal,8.58,2025-05-10,1914,\N
Alexander Daniels,24761933,M,Statistinnen des Lebens,3D,11.65,2025-10-15,1913,\N
Cynthia Cole DDS,34664975,F,Adoptivkind,Normal,7.68,2025-06-19,1914,\N
Steven Baker,59181767,M,The Fatal Night,3D,10.5,2026-05-02,1914,"Drama,History"
Julie Gomez,26250961,F,The Little Jewess,3D,11.5,2026-04-27,1914,Drama
Jasmine Welch,80961588,F,The Devil's Assistant,3D,11.16,2025-06-29,1913,Drama
Mikayla Alexander,69048975,F,Cameo Kirby,Normal,6.24,2026-04-06,1914,"Action,Drama,Romance"
Shirley Rivers,83369725,F,Down with Weapons,3D,12.28,2025-12-04,1914,"Drama,War"
Claire Rodriguez,77186938,F,El fantasma del castillo,3D,12.79,2026-04-12,1911,\N
Willie Mendoza,45457785,M,Gira política de Madero y Pino Suárez,3D,12.65,2025-11-12,1909,\N
Richard Adams,72511528,M,The Escape,3D,12.33,2026-03-28,1914,Drama
Reginald Black,47731340,M,His Brother's Wife,Normal,6.49,2026-02-11,1910,\N
Russell Wheeler,95532770,M,The Boss,Normal,8.91,2025-11-13,1915,Drama
Donna Campos,56400817,F,Apuntes de la fiesta de la flor,Normal,8.44,2025-06-06,1914,Documentary
Kimberly Floyd,12241646,F,The Criminal Code,3D,12.8,2025-08-15,1914,Drama
Tina Lopez,28490873,F,The Sin of a Woman,3D,13.19,2025-07-30,1912,\N
Jennifer Kemp,42030475,F,Homenaje a Lanuza,3D,11.03,2026-03-19,1914,Documentary
Mary Austin,39530198,F,The Devil's Daughter,3D,13.72,2026-04-30,1915,Drama
William Murphy,66065886,M,The Bludgeon,3D,10.33,2025-07-31,1915,Drama
Anthony Allen,71883991,M,As Ye Sow,Normal,7.17,2026-03-30,1914,Drama
Chelsea Ellis,29156484,F,Barcelona bajo la nieve,Normal,7.3,2025-11-30,1913,\N
Charles Griffin,86446605,M,A Bunch of Keys,3D,12.11,2025-08-07,1915,Comedy
Justin Vang,92997469,M,With Serb and Austrian,3D,11.78,2025-09-06,1914,Drama
Michael Lawrence,27691786,M,The Lion and the Mouse,Normal,8.47,2025-11-29,1914,Drama
Stephen Cox,53026552,M,The Road to Ruin,3D,10.07,2025-10-03,1913,Drama
Darren Allen,63296821,M,Die Eisbraut,Normal,8.6,2026-01-09,1913,\N
Melissa Morris,79704726,F,The Concealed Truth,3D,12.76,2026-02-18,1915,Drama
Kenneth Parker,43392905,M,Bánk bán,Normal,6.06,2025-08-27,1915,\N
Allen Perez,51006605,M,Black Fear,Normal,6.41,2026-04-09,1915,Drama
Brady Taylor,83393897,M,The Spitfire,3D,13.12,2025-12-12,1914,"Comedy,Drama"
Michelle Baker,31304395,F,The Traitress,3D,12.81,2025-10-03,1911,Drama
Kimberly Ward,36046345,F,The Money God,3D,11.48,2026-02-21,1914,Drama
Adrienne Perry,10642729,F,My Husband's Getting Married,Normal,8.54,2026-03-23,1913,Comedy
Lori Gordon,35326165,F,A Branded Soul,3D,11.26,2025-11-07,1917,"Drama,Romance"
Daniel Conrad,51978679,M,The Last Volunteer,3D,11.85,2025-11-15,1914,"Drama,War"
Jamie Hill,41176956,F,"His Holiness, the Late Pope Pius X, and the Vatican",3D,12.11,2025-12-10,1914,Documentary
Johnny Ramirez,11198579,M,The Typhoon,Normal,8.32,2026-04-02,1914,Drama
Melissa Brooks,88600943,F,The Clemenceau Case,3D,12.25,2025-11-15,1915,"Crime,Drama,Romance"
Gregory Barker,49943918,M,Hamlet,3D,13.88,2025-05-17,1908,Drama
Gregory Barker,49943918,M,Hamlet,3D,13.88,2025-05-17,1910,Drama
Gregory Barker,49943918,M,Hamlet,3D,13.88,2025-05-17,1911,Drama
Gregory Barker,49943918,M,Hamlet,3D,13.88,2025-05-17,1913,Drama
Gregory Barker,49943918,M,Hamlet,3D,13.88,2025-05-17,1914,Drama
Austin Miller,94789858,M,"Destiny: or, the Soul of a Woman",Normal,8.95,2026-02-06,1915,Drama
David Wells,60397318,M,The Heir to Skjoldborg,3D,13.57,2025-05-07,1914,Drama
Roy Collier,38242122,M,Ungarische Rhapsodie,Normal,8.5,2025-07-22,1913,\N
Tanya Turner,17042991,F,Un solo corazón o Los muertos viven,3D,11.46,2026-02-19,1914,\N
Stacey Cochran,10773451,F,Enoch Arden,3D,10.48,2025-08-18,1914,Drama
Erica Diaz,51389840,F,Trapped by the Camera,3D,10.86,2025-05-13,1914,Mystery
Kenneth Leonard,92769962,M,A Dog's Tale,3D,12.01,2026-04-18,1911,\N
Clifford Weber,97357020,M,Dr. Mawson in the Antarctic,Normal,6.79,2026-03-17,1913,Documentary
Matthew Johnson,58485286,M,El testamento de Diego Rocafort,3D,10.64,2025-10-01,1917,\N
Victoria Snyder,23982998,F,Down with Weapons,Normal,7.18,2025-08-27,1914,"Drama,War"
James Moore,32780860,M,A Factory Magdalen,Normal,6.69,2025-12-31,1914,Drama
Kenneth Serrano,90258832,M,Das Geschenk des Inders,Normal,6.59,2025-12-21,1914,\N
Cathy Baker,99450040,F,The Tide of Death,3D,10.86,2025-09-01,1912,\N
William Lewis,50330846,M,Lola,3D,10.75,2026-02-27,1914,Drama
Deborah Martinez,89558221,F,La secta de los misteriosos,3D,10.25,2025-09-25,1916,"Crime,Drama,Mystery"
Cheryl Tate,69655230,F,Too Late,Normal,7.9,2025-07-26,1914,Drama
Joseph Nielsen,93918389,M,The Toll of Mammon,Normal,6.52,2025-06-08,1914,Drama
Bill Pearson,52045316,M,Amor de pescadora,3D,13.32,2026-01-23,1914,\N
Andrea Davis,29705450,F,Amigas siempre,Normal,7.6,2025-08-20,1914,\N
Devin Alvarez,24251727,M,Michael Strogoff,3D,11.69,2026-02-24,1914,Drama
Dwayne Floyd,26097314,M,Fulano de Tal se enamora de Manón,3D,11.22,2025-10-30,1916,Comedy
Lindsey Hernandez,81090379,F,What 80 Million Women Want,Normal,7.67,2026-01-24,1913,"Crime,Drama,Romance"
Kevin Fields,12876863,M,The Million Dollar Robbery,3D,11.16,2025-12-01,1914,Drama
Emma Greene,73565042,F,The Mystery of the Poison Pool,Normal,7.08,2025-05-09,1914,Adventure
Kelly Brown,70193490,F,Cameo Kirby,Normal,7.78,2025-10-30,1914,"Action,Drama,Romance"
David Fox,48364434,M,The Four Devils,Normal,7.44,2026-01-25,1913,\N
Edward Buck,10147119,M,Krates,Normal,6.26,2025-06-26,1913,\N
Kimberly Figueroa,53983482,F,What Happened to Mary,Normal,7.4,2026-03-09,1912,"Action,Drama,Thriller"
Julie Robertson,63580647,F,Rainha Depois de Morta Inês de Castro,Normal,7.65,2026-03-25,1910,"Drama,History"
Charles Johnson,42423528,M,The Unwelcome Mrs. Hatch,Normal,7.15,2025-07-15,1914,Drama
James Diaz,48134508,M,An Affair of Three Nations,3D,11.73,2026-01-30,1915,Mystery
Alexis Perez,36965804,F,Zona de Incursões em Chaves,3D,11.84,2026-04-12,1912,\N
William Hall,71723527,M,Judge Not,3D,12.37,2026-01-18,1914,Drama
Danny Holt,27156876,M,Desastre do Monoplano Gnome na Amadora,Normal,7.57,2025-09-29,1913,Documentary
Dennis Underwood,95426171,M,The Black Diamond,Normal,6.43,2025-05-12,1913,\N
William Davis,36459507,M,The Might of Gold,Normal,8.5,2025-09-21,1912,\N
Devin Beard MD,14824898,M,The Spirit of the Conqueror,Normal,7.5,2026-02-24,1914,Drama
Tracy Cameron,36481610,F,Are You a Mason?,3D,12.55,2025-08-10,1915,Comedy
Mary Davidson,99994511,F,Blodets röst,3D,13.18,2025-12-16,1913,Drama
Tyler May,92901091,M,Old Brandis' Eyes,3D,10.91,2025-07-04,1913,"Drama,Fantasy"
Veronica Logan,64486807,F,The Lost Paradise,3D,13.77,2025-08-01,1914,Drama
Thomas Hancock,29362174,M,Der fremde Vogel,3D,11.22,2025-12-09,1911,\N
Debra Perez,93224299,F,Los muertos hablan,Normal,6.69,2025-08-11,1915,Drama
Helen Miller,11161879,F,The House Next Door,3D,10.05,2025-06-10,1914,Drama
Bob Briggs,77275823,M,The Ragged Earl,3D,11.13,2025-10-29,1914,"Comedy,Drama"
Andrea Gilbert,75318902,F,Excursión a San Lorenzo de Munt,3D,11.76,2025-05-24,1912,\N
Felicia Ramirez,98673638,F,The Independence of Romania,Normal,6.65,2025-11-28,1912,"History,War"
Alicia Reynolds,33764726,F,The Spirit of the Poppy,Normal,7.38,2026-03-21,1914,Drama
Sandra Young,11547372,F,The Folly of Revenge,3D,13.19,2025-11-19,1916,Drama
Madison Sanders,49952779,F,Imar the Servitor,3D,10.36,2025-12-22,1914,Drama
Linda Rodriguez,50402891,F,As Ye Repent,3D,10.75,2026-04-08,1915,Drama
Melinda Rodriguez,61138358,F,The Crown Prince's Double,3D,12.34,2026-03-15,1915,Drama
Nicholas Reid,67704020,M,La intrusa,3D,11.23,2025-12-10,1914,Drama
Manuel Grant,85343265,M,Wildflower,3D,10.74,2025-08-18,1914,"Drama,Romance"
Cynthia Christian,85447486,F,After Five,Normal,6.87,2025-05-07,1915,"Comedy,Crime,Thriller"
Samantha Olson,93735746,F,Zudora,Normal,8.64,2025-10-11,1914,"Adventure,Mystery"
David Morales,17708448,M,Your Girl and Mine: A Woman Suffrage Play,3D,13.68,2025-06-14,1914,Drama
Phillip Anderson,28687245,M,The Span of Life,3D,10.03,2026-01-12,1914,Drama
Emily Schwartz,22547164,F,The Cotton King,3D,11.93,2025-07-01,1915,Drama
Stephanie Santos,29624182,F,The Prodigal Son,Normal,6.22,2025-11-05,1907,Drama
Stephanie Santos,29624182,F,The Prodigal Son,Normal,6.22,2025-11-05,1913,\N
Dr. Morgan Cordova,98498385,F,The Cup of Life,3D,13.95,2025-05-20,1915,Drama
Lance James,74702832,M,An American Gentleman,Normal,6.31,2025-08-23,1915,Adventure
Andrew Ortiz,33941896,M,The Spoilers,3D,13.17,2026-03-07,1914,"Drama,Western"
Victor Schwartz,67333026,M,"Romani, the Brigand",3D,12.53,2026-03-17,1912,\N
Daniel Lee,90614296,M,The Voice at the Telephone,3D,13.62,2025-11-16,1914,Drama
Larry Lawson,48739021,M,The Fairylogue and Radio-Plays,3D,11.04,2025-06-15,1908,"Adventure,Fantasy"
Karen Brown,32627043,F,The Temptations of Satan,Normal,6.71,2026-02-28,1914,\N
Barbara Robinson,45531743,F,The Better Woman,3D,11.06,2026-04-28,1915,Drama
Mary Valencia,66221627,F,Fantômas: In the Shadow of the Guillotine,Normal,6.12,2025-10-14,1913,"Crime,Drama"
Eric Turner,69313646,M,The Battle of the Sexes,3D,10.92,2025-05-23,1914,Drama
Andrew Guerrero,47401199,M,A Branded Soul,Normal,7.49,2025-08-07,1917,"Drama,Romance"
Bonnie Hughes,11178146,F,Carmen,Normal,6.25,2026-04-06,1912,\N
Bonnie Hughes,11178146,F,Carmen,Normal,6.25,2026-04-06,1914,\N
Bonnie Hughes,11178146,F,Carmen,Normal,6.25,2026-04-06,1915,"Drama,Musical"
Bonnie Hughes,11178146,F,Carmen,Normal,6.25,2026-04-06,1915,Drama
Amanda Stone,33279555,F,Ansigttyven I,3D,13.74,2025-12-27,1910,Crime
Francisco Gaines,20919530,M,The Battle of Gettysburg,3D,11.66,2026-02-15,1913,"Drama,War"
David Morris,44177647,M,The Better Woman,Normal,7.52,2025-07-13,1915,Drama
Valerie Ford,67534190,F,Blind Man's Bluff,3D,11.76,2025-08-27,1915,Comedy
Daniel Kane,61110448,M,Gira política de Madero y Pino Suárez,Normal,6.5,2026-05-03,1909,\N
Stacy Davis,50328985,F,Tillie's Punctured Romance,3D,11.58,2025-09-07,1914,Comedy
Antonio Lawson,66130616,M,The Envoy Extraordinary,Normal,7.51,2025-07-06,1914,Drama
Blake Mcdonald,74213137,M,Anna Karenina,3D,12.43,2025-06-24,1914,Drama
Blake Mcdonald,74213137,M,Anna Karenina,3D,12.43,2025-06-24,1915,"Drama,Romance"
William Lowe,17056031,M,Cohen's Luck,3D,12.82,2025-08-07,1915,Comedy
Todd Blackwell,55877533,M,The Chorus Lady,Normal,8.04,2025-08-18,1915,"Comedy,Drama,Romance"
Bryan Porter,30284098,M,Aftermath,3D,13.72,2025-05-28,1914,Drama
Mr. John Smith,31096841,M,The Cheat,Normal,7.8,2025-05-11,1915,"Drama,Romance"
Joshua Allen,47973602,M,A becsapott újságíró,Normal,8.92,2025-11-08,1915,\N
James Huynh,95049875,M,The Orphan,Normal,7.54,2025-11-16,1913,\N
Tammy Jackson,54271612,F,The Prodigal Son,3D,11.5,2025-12-15,1907,Drama
Tammy Jackson,54271612,F,The Prodigal Son,3D,11.5,2025-12-15,1913,\N
Julie Smith,15751339,F,The Broken Coin,Normal,6.64,2026-02-05,1915,"Adventure,Mystery"
Chad Hall,69220303,M,The Firefly,3D,12.68,2025-07-05,1913,Drama
Pamela Freeman,91273939,F,The Vicar of Wakefield,Normal,8.11,2025-12-08,1913,Drama
Pamela Freeman,91273939,F,The Vicar of Wakefield,Normal,8.11,2025-12-08,1913,Drama
Joseph Owens,94504683,M,Fulano de Tal se enamora de Manón,3D,10.08,2026-03-09,1916,Comedy
Matthew Lang,95818029,M,The Cheat,3D,11.51,2025-09-20,1915,"Drama,Romance"
Janet Smith,10524401,F,A Child of the Prairie,Normal,6.94,2025-10-08,1915,"Drama,Western"
Mr. Scott Robertson,23658799,M,Oliver Twist,Normal,7.46,2025-06-01,1912,Drama
Mr. Scott Robertson,23658799,M,Oliver Twist,Normal,7.46,2025-06-01,1912,Drama
Christopher Webb,21435724,M,El alcalde de Zalamea,3D,13.45,2025-10-12,1914,\N
Miguel Clark,44460564,M,Die Sumpfblume,3D,12.33,2026-02-08,1913,\N
Tammy Robertson,22717655,F,The Voice at the Telephone,3D,11.33,2025-06-17,1914,Drama
Vincent Welch,35997779,M,El regalo de bodas,3D,13.39,2025-09-19,1914,\N
Karen Griffith,11180445,F,The Crime and the Criminal,Normal,7.14,2026-05-01,1912,\N
Shawn Hooper,94569666,M,Judith of Bethulia,Normal,6.94,2026-02-09,1914,Drama
Jorge Evans,54740872,M,Statistinnen des Lebens,3D,11.41,2025-08-02,1913,\N
Angela Duffy,35357471,F,The Capture of a Sea Elephant and Hunting Wild Game in the South Pacific Islands,3D,12.63,2026-01-12,1914,Documentary
Ryan Hayes,77277705,M,"His Majesty, the Scarecrow of Oz",3D,12.34,2025-10-29,1914,"Adventure,Comedy,Family"
Stephanie Lee,38131950,F,Corrida de Touros no Campo Pequeno com Três Colhidas,3D,12.85,2025-06-25,1915,Documentary
Lisa Williams,59734959,F,'Twas Ever Thus,3D,11.42,2025-05-20,1915,"Drama,War"
Edwin Hall,43954751,M,The Fight for Millions,3D,10.5,2025-10-23,1913,Drama
Randall Cole,37288418,M,Judith,3D,12.73,2025-07-31,1912,\N
Erik Lawson DDS,96596756,M,Fantasma,3D,10.65,2025-07-01,1914,Fantasy
Elizabeth Arnold,60836347,F,Aftermath,3D,13.16,2025-06-13,1914,Drama
Melissa Mcguire,21980919,F,Trail to the West,Normal,7.18,2025-09-28,1910,\N
Victoria Patel,41203162,F,Burning Daylight: The Adventures of 'Burning Daylight' in Civilization,3D,13.3,2026-01-08,1914,Drama
Gerald Rodriguez,73527983,M,Blackbirds,Normal,7.79,2025-12-21,1915,Drama
Kenneth Reid,87712924,M,Charity Ann,Normal,7.36,2025-05-25,1915,Drama
Sarah Avila,52605462,F,The Shame of the Empire State,3D,11.22,2026-03-15,1913,"Crime,Drama"
Zachary Mcconnell,87876340,M,The Wrath of the Gods,3D,10.37,2025-09-28,1914,"Drama,Romance"
Zachary Bird,57296354,M,By Order of Napoleon,3D,10.48,2026-01-23,1910,\N
Stephanie Martinez,54695834,F,Stuart Webbs: Das Panzergewölbe,3D,11.81,2025-11-20,1914,"Action,Crime"
Sarah Clark,44593363,F,The Path Forbidden,3D,10.65,2026-01-11,1914,Drama
Roger Brock,29164375,M,Paul J. Rainey's African Hunt,3D,12.04,2025-06-05,1912,Documentary
Heather Harris,94496352,F,Evinrude,3D,11.67,2026-04-30,1913,"Crime,Drama"
Brandon Barrera,43557214,M,Only a Woman,3D,13.99,2025-09-22,1912,\N
Mark Garza,63652426,M,The Ladies' War,Normal,7.27,2026-01-17,1914,Comedy
Melissa Browning,57325353,F,The Burglar and the Lady,Normal,6.18,2026-04-07,1914,"Crime,Drama"
Shari Cooper,27031561,F,A Balkan Episode,Normal,8.61,2025-05-14,1911,\N
Felicia Jackson,23613817,F,The Battle of Gettysburg,3D,10.67,2025-06-09,1913,"Drama,War"
Caitlyn Smith,21408888,F,El caballero Casarroja,3D,11.45,2025-10-24,1914,\N
Richard Bell,22672288,M,Luchtkastelen,Normal,8.12,2026-01-04,1914,Drama
Carl Hughes,29835580,M,The Kangaroo,3D,12.75,2026-03-01,1914,Drama
Nathan Daniels,10852292,M,Escaped from Siberia,3D,13.63,2026-01-03,1914,Drama
Allison Chan,80542284,F,The Lure of New York,3D,13.14,2025-11-10,1913,Drama
Melissa Moran,46214676,F,Cora,Normal,8.45,2025-06-18,1915,Drama
Marcus Alvarez,63946279,M,The Deep Purple,Normal,6.48,2025-12-15,1915,Drama
Justin Bell,12782037,M,With Serb and Austrian,3D,10.23,2025-08-24,1914,Drama
Alexander Jordan,33208247,M,A Branded Soul,Normal,8.39,2025-09-28,1917,"Drama,Romance"
Kevin Adams,40581978,M,The Man o' War's Man,3D,12.82,2026-03-31,1914,Drama
Theresa Smith,37460661,F,When Fate Leads Trump,Normal,7.53,2026-02-12,1914,Drama
Shelly Mckinney,75882606,F,La lucha contra el destino,Normal,8.36,2025-07-25,1914,\N
Rebecca Garcia,87556428,F,Armstrong's Wife,3D,11.32,2026-02-10,1915,Drama
Jordan Bennett,85248437,M,'Round the World in 80 Days,Normal,8.82,2026-02-06,1914,Adventure
Joseph Griffin MD,92062667,M,Detective Craig's Coup,Normal,6.42,2026-02-08,1914,"Crime,Drama"
Jose Barton,49912967,M,The Case of Becky,Normal,8.21,2025-11-29,1915,Drama
Regina Paul,25545930,F,Shadows of the Moulin Rouge,3D,13.87,2025-10-15,1913,Drama
Trevor Sparks,85849844,M,A Dog's Tale,3D,10.65,2026-01-09,1911,\N
Gregory Williams,23441165,M,Too Late,3D,11.25,2026-03-24,1914,Drama
Michael Hansen,82321522,M,Herod,3D,12.54,2026-03-12,1912,\N
Charles Moreno,43243146,M,Presentencompanigraf,3D,10.51,2026-02-13,1914,\N
Isaac Berg,10700782,M,With General Pancho Villa in Mexico,3D,13.88,2025-11-23,1913,\N
Joy Cook,83736485,F,Aristocracy,3D,13.04,2026-04-17,1914,Drama
Jessica Lopez,22702721,F,Mexican War Pictures,3D,11.3,2025-08-29,1913,Documentary
Jessica Lopez,22702721,F,Mexican War Pictures,3D,11.3,2025-08-29,1913,Documentary
Steven Berry,82436473,M,The Vicar of Wakefield,Normal,6.37,2025-11-30,1913,Drama
Steven Berry,82436473,M,The Vicar of Wakefield,Normal,6.37,2025-11-30,1913,Drama
Sarah Mcdowell,60689607,F,Die Eisbraut,Normal,6.65,2025-12-30,1913,\N
Kevin Mcdonald,44358307,M,The Adventures of a Madcap,Normal,6.4,2025-08-19,1915,"Comedy,Drama"
Amanda Spencer,39608301,F,Stuart Webbs: Das Panzergewölbe,3D,11.44,2026-04-16,1914,"Action,Crime"
George Aguilar,47744791,M,Behind the Scenes,3D,12.36,2025-09-14,1914,Drama
Don Montgomery,73634424,M,The Sea Wolf,Normal,8.54,2026-04-07,1913,Drama
Deborah Terry,86255071,F,Mute Witnesses,Normal,6.78,2025-09-26,1914,Drama
Mr. Kenneth Glass,55665712,M,Entre ruinas,Normal,8.3,2025-07-19,1914,\N
James Flores,55236925,M,The Spirit of the Poppy,3D,12.02,2025-12-26,1914,Drama
Kathy Frederick,96168598,F,Corrida de feria de las fiestas del Pilar,Normal,6.77,2025-08-17,1913,\N
Zachary Gray,38956196,M,The House of Bondage,Normal,6.12,2025-07-07,1914,Drama
Nicole Collins,81747875,F,A Suspicious Wife,Normal,7.69,2025-09-07,1914,Drama
Nicole Matthews,99777670,F,His Brother's Wife,Normal,8.09,2026-05-01,1910,\N
Dakota Nelson,79087563,M,The Old Armchair,3D,12.26,2025-10-03,1913,\N
Tommy Hernandez,56820183,M,Adoptivkind,3D,12.46,2025-10-07,1914,\N
Brian Morrow,11950615,M,Hamlet,Normal,6.1,2025-07-08,1908,Drama
Brian Morrow,11950615,M,Hamlet,Normal,6.1,2025-07-08,1910,Drama
Brian Morrow,11950615,M,Hamlet,Normal,6.1,2025-07-08,1911,Drama
Brian Morrow,11950615,M,Hamlet,Normal,6.1,2025-07-08,1913,Drama
Brian Morrow,11950615,M,Hamlet,Normal,6.1,2025-07-08,1914,Drama
Jeremy Lynn,16172739,M,El calvario de un héroe,Normal,6.97,2025-09-12,1914,\N
Lisa Munoz,45532741,F,Rosalinda,Normal,6.17,2025-07-04,1914,\N
Ryan Williams,30546164,M,Los marinos de papel,Normal,6.74,2026-03-14,1913,\N
Wayne Sanchez,91001184,M,Hypocrites,Normal,6.06,2026-04-18,1915,"Drama,Fantasy"
