Título,Año,Género,Rating (pro),Votos
Savage Souls,2001,"Drama,Romance",5.6,1943.0
Get Santa,2014,"Comedy,Family,Fantasy",6.3,5382.0
Tiger Milk,2017,Drama,6.1,771.0
Faith of Our Fathers,1997,,6.0,17.0
Yeh Kaise Hua,1984,,,
Untitle Tamara Klink Documentary,,Documentary,,
Bullit & Riper,2003,Comedy,6.0,2945.0
Cardinal Matter,2016,"Action,Crime,Thriller",4.0,170.0
Bal Naren,2024,Drama,6.3,25.0
So fallen die Lose des Lebens,1918,,,
Bauhaus in America,1995,"Documentary,History",,
Kamikaze ryukitai: kôhen,1937,Drama,,
The Circle of Death,1935,"Drama,Western",4.8,30.0
Found Betty,2012,Comedy,7.6,12.0
No Loose Ends,2024,Crime,7.3,11.0
The Nutcracker and the Mouse King,2011,Music,7.2,22.0
Soldiers' Sanctuary,2014,"Action,Documentary,History",,
From the Dust of the Earth,2016,Documentary,8.4,8.0
Begging Your Pardon,2006,Comedy,7.5,11.0
Brother and Sister,2010,"Comedy,Drama",6.4,830.0
Brood,2009,"Horror,Thriller",7.5,23.0
There's a Zombie in Cavan,,Horror,,
Psychic Storm,2025,Thriller,4.0,33.0
Hotel Houffer,2024,"Drama,Horror",,
Gondolj rám,2016,,,
Janani Janma Bhoomi,1997,,,
Amazing Graves,2017,Documentary,,
Dhadak,1998,Romance,7.3,11.0
Home Front,,Drama,,
Cantinflas profesor de historia,1983,Animation,7.0,13.0
Hito no michi,1921,,,
Dongeng Sang Kancil,2024,"Adventure,Animation,Comedy",6.8,276.0
A Positive Peace,,"Documentary,Drama,Music",,
The Sun Beyond the Sun,,Drama,,
Wenn Männer schweigen,1924,Comedy,,
Light the Gas,,Comedy,,
Burning Fire,2023,,6.8,26.0
Karachi,1989,"Crime,Drama,Thriller",4.6,66.0
The House of Angelo,2000,"Drama,History",6.9,59.0
"Ouaga, c'est pas forcé !",2012,Documentary,,
Abeyance,,Thriller,,
Untitled Coherence Sequel,,Sci-Fi,,
Takkan lari gunung dikedjar,1965,,,
Out and About Movie 2: Las Vegas Adventure,2019,"Comedy,Documentary",6.6,171.0
Plan C-14 II,2018,Documentary,,
Deciphering Me,2015,"Action,Drama",8.5,874.0
Kadakti Bijli,1936,,,
Goryachaya dusha,1960,Drama,5.6,22.0
Yûkyo burai,1963,"Action,Crime",,
Brilliant City,,"Adventure,Comedy,Western",,
Outlaws,1985,"Action,Crime,Drama",5.7,148.0
This African Life,2008,Documentary,,
Meduza,2025,Documentary,,
Ten Pieces II,2015,Music,7.7,16.0
Big Bang,2007,"Action,Comedy,Crime",6.6,442.0
Comrade Couture,2009,Documentary,7.3,59.0
Wasurenai Fukushima,2013,"Documentary,News",,
How to Train Your Husband or (How to Pick Your Second Husband First),2018,Comedy,4.7,1053.0
One Night,1931,Drama,5.2,33.0
Wege zur guten Ehe,1933,Comedy,,
My Name Is Now,2018,"Biography,Documentary",6.6,52.0
Affairs of Dr. Holl,1951,Drama,6.9,46.0
Beauty Cult,1930,"Comedy,Musical,Romance",,
Seifenblasen,1984,Comedy,1.7,19.0
God Is Bad at Bowling,2014,Comedy,6.0,186.0
Nights of Love,1930,Comedy,6.5,60.0
Château Secrets,,"Drama,History",,
Christmas Comes Home,2020,"Comedy,Drama,Romance",5.8,460.0
Nerawareta onnatachi,1966,,,
Utopia,1998,Documentary,6.1,54.0
Bandits,2001,"Action,Comedy,Crime",6.5,74454.0
Joseph and Potiphar's Wife,1956,"Drama,History",6.0,13.0
Râkugoyarô-Daibakushô,1967,Comedy,,
Waywaya,1982,"Action,Drama",,
Kim Swims,2017,"Adventure,Biography,Documentary",7.1,134.0
A critical review of conventional models of depression and alternative approaches to studying emotional behaviour in non-human species,2023,Documentary,,
Slate,2020,Action,5.3,357.0
Lady into Fox,,"Drama,Music",,
"Düstere Schatten, strahlendes Glück",1924,,,
Gallos de pelea,1969,"Action,Adventure",5.4,5.0
Mary Pickford: Love Wild,2024,"Biography,Drama",6.6,9.0
Der Adler vom Velsatal,1957,"Drama,Romance",4.9,40.0
The Tormented,,Family,,
La Familia del Barrio: La Maldición del Quinto Partido,2026,"Animation,Comedy",7.5,38.0
Dr. Mekam,2018,"Comedy,Drama",,
Transformación,2016,,,
"Florentina Hubaldo, CTE",2012,Drama,7.4,332.0
"Sea, No Sex & Sun",2012,Comedy,4.4,199.0
"Bigfoot in Texas, the Movie",,"Action,Horror,Thriller",,
The Sacrifice,2024,"Drama,Horror",,
The Prime Ministers: The Pioneers,2013,Documentary,6.7,70.0
Asesino Silencioso,2017,Drama,,
Strange Triangle,1946,"Adventure,Crime,Drama",6.2,168.0
Foot Show,1989,,,
The Two Faces of Love,1972,Drama,5.2,125.0
I Was Saddam's Son,2013,"Biography,Crime,Drama",7.0,19.0
Traffickers,2015,"Crime,Drama,Thriller",8.1,61.0
Zombie Zero,,Thriller,,
Julia,2008,"Crime,Drama,Thriller",7.0,7226.0
Marathon Man,1976,"Crime,Drama,Thriller",7.4,75600.0
Buenos Aires tango,1982,Musical,,
All Souled Out,2017,Comedy,,
The Junkfood Generation,1999,,,
The Puppet Crown,1915,Drama,,
Little Simz at Sónar Festival,2018,Music,,
El cafre,1986,"Action,Adventure,Drama",6.6,43.0
Erózió,1992,Drama,5.3,19.0
Girls Gone Wild: Best of Sex Starved College Girls,2008,Adult,,
Brothers,2016,"Action,Drama,War",4.7,30.0
The Final Scene,2021,Documentary,7.0,6.0
Stormvloed in De Schelphoek,2018,Documentary,,
Ein Mädel mit Temperament,1928,,,
"Habibi, chanson pour mes ami.e.s",2024,Documentary,,
L'ordonnance,1921,Drama,,
Ponni Thirunaal,1960,,,
The Last Chapter,,Horror,,
The Blue Woman,,Drama,,
Holy Bread,2020,Documentary,6.2,9.0
Tank Dive: Excerpts,1965,,,
Unutturulanlar 3: Maras katliami,2007,Documentary,,
Bob the Builder: Construction Chaos,2014,"Animation,Family",,
The Experiment: Black and White at V.E.S.,,Documentary,,
The Greatest Movie Ever Made,2001,"Adventure,Comedy,Mystery",7.1,48.0
Rust,,"Crime,Horror,Thriller",,
Thomas Muir of Huntershill,,Documentary,,
iWitness,2014,"Drama,Thriller",,
Drive - The Pretenders,,"Drama,Romance",,
Squeeze,1997,"Crime,Drama,Thriller",5.9,364.0
Bed Hostesses,1975,Comedy,4.9,194.0
Mirza Saheban,1956,,,
On Any Sunday II,1981,Documentary,6.6,123.0
Mganga Bomba,2016,Comedy,,
"Our Time, Our Story: 20 Years' New Taiwan Cinema",2002,Documentary,7.0,44.0
My Name Is Terry,2020,Documentary,,
Ganti,1983,Action,,
History Rediscovered: Battle of Russia,2013,Documentary,,
Den stjaalne minister,1949,"Comedy,Crime",4.9,26.0
Aylesbury Dead 2,2019,Horror,3.2,15.0
Rainbow Fields,2018,Drama,6.8,17.0
The Godmother of Rock & Roll: Sister Rosetta Tharpe,2011,"Biography,Documentary,Music",8.2,54.0
Jubilee,1993,,,
Kurzal 388,2018,,,
Gone to the Dogs,1939,Comedy,5.7,44.0
Little Big Man,2013,War,4.0,11.0
Hamlet,2017,Drama,,
Evariki Vare Yamuna Theere,1974,,,
The Elephant Keeper,1987,"Crime,Drama",7.0,57.0
Bésame mucho,1945,"Comedy,Drama,Musical",6.6,12.0
Our Extraordinary Guests,,Documentary,,
Adhuri Kahani,1939,,,
Inselkind,2007,Documentary,,
Niko: Beyond the Northern Lights,2024,"Adventure,Animation,Family",6.1,507.0
Here After,2024,"Drama,Horror",4.2,2258.0
Phases of the Moon,2026,Drama,,
Amar Prem,1989,"Family,Musical,Romance",6.5,50.0
"Kiss Me, Kill Me",2009,"Action,Adventure,Comedy",6.3,750.0
And Justice for All,1979,"Crime,Drama,Thriller",7.4,45596.0
Los castigadores,1962,Comedy,4.6,11.0
The-Mock-Racy,,Documentary,,
Muchachas de Bagdad,1953,Comedy,4.9,25.0
Les 90 jours,1959,Drama,6.4,17.0
The King in Yellow,,Horror,,
Due West: Our Sex Journey,2012,"Comedy,Drama,Romance",5.3,1385.0
Bu Uyoon,,Comedy,,
Winners of the Wilderness,1927,"Drama,History,War",4.7,223.0
Miracles Out of Nowhere,2015,"Biography,Documentary,History",8.0,201.0
Unseen: How We're Failing Caregivers & Why It Matters,2022,Documentary,,
Justice Viswanathan,1971,Drama,,
The Way,2023,Musical,,
Autumn and the Black Jaguar,2024,"Adventure,Comedy,Family",5.7,1345.0
Le gâteau renversé,2002,Documentary,,
Og,1952,"Action,Adventure",1.8,12.0
A két egyetlen - Karinthy Frigyes nagy szerelmei,2022,"Biography,Drama,Romance",,
The Masterpiece,,Thriller,,
Bhavishya,1991,Drama,,
Narinig mo na ba ang l8est?,2001,"Comedy,Romance",7.3,34.0
Her Son's Secret,2018,Thriller,5.6,809.0
Kletka,2015,"Crime,Drama,Thriller",4.8,55.0
Honeysuckle,1938,Musical,7.3,57.0
The Wait to Nowhere: When a crisis Goes Untreated,,Documentary,,
Carny,2007,Documentary,7.0,7.0
Big Timber,,Crime,,
Hill Start,2014,Comedy,6.7,123.0
Der Ruf der Geckos,2007,Drama,8.2,11.0
"Faith, Love & Chocolate",2018,"Comedy,Drama,Family",5.3,123.0
4:44 Last Day on Earth,2011,"Drama,Fantasy,Sci-Fi",4.7,6018.0
Murdered on the Fourth of July,,Documentary,,
La nature,2019,Documentary,7.3,86.0
The Creature from Scroby Sands,2025,Horror,,
The Tape,,Thriller,,
Pocket Full of Soul: The Harmonica Documentary,2009,Documentary,8.6,15.0
"Senveno, Pyeongchang",2020,Drama,,
The Record,2000,"Horror,Thriller",4.3,311.0
The Grey Lane,2012,Documentary,,
Komaram Puli,2010,"Action,Crime,Thriller",3.3,1916.0
Aterro,2011,"Biography,Documentary,History",7.6,26.0
The Way We Were,2024,Drama,,
Kiso no benigasâ,1936,Drama,,
Just Like Yesterday: Tony Christie,2013,Biography,,
Koto Shopno Koto Asha,2017,Romance,4.9,20.0
An Unforgettable Autumn,1977,,6.2,16.0
"Feio, Eu?",2013,"Documentary,Drama",4.7,12.0
"Uncle, Are You Really Coming from Paris?",1977,Comedy,4.8,61.0
Dr. Masher,1970,Drama,,
After Mabo,1998,Documentary,6.8,10.0
Josef Hauser - Klang und Raum,1988,,,
SlashMart,,Horror,,
Ein Prinz verliebt sich,1932,"Comedy,Musical",,
Chvála révy,1941,,,
The Phantom,2023,"Drama,Horror,Thriller",3.2,61.0
Warau kyotou,2013,Comedy,,
A Night at the Magic Castle,1988,"Adventure,Family,Fantasy",6.1,54.0
Oshan 14,2016,Comedy,4.7,346.0
Atómica,1998,"Comedy,Thriller",4.6,215.0
Pulling Strings,2013,"Comedy,Romance",6.1,2086.0
In the Fire,2023,"Drama,Horror,Thriller",3.0,4684.0
Funny Money,2013,"Comedy,Drama,Romance",7.9,105.0
Over Easy,1978,Adult,5.9,12.0
Lethal Trip,2024,Thriller,,
Equipo Crónica. Arte de trinchera,2024,Documentary,,
Arashi Anniversary Tour 5 x 20 Film: Record of Memories,2021,Music,8.4,49.0
Dimensions,2011,"Drama,Sci-Fi",5.8,618.0
"Sex, Drugs, Love, Marx...",2003,Drama,,
The Playground,,Drama,,
Dirty Job,2018,Thriller,5.3,11.0
Quadrantes,2004,Horror,,
Santo Pio,2017,,,
Kathi Kuthu Kanthan,,Comedy,,
Humanes Töten,1980,,7.3,12.0
Quiet Revolutionary,2003,Documentary,,
Anna,2019,Drama,,
Shame,2022,"Horror,Mystery,Thriller",,
Midnight Murder House,2025,Horror,,
Straight/Curve: Redefining Body Image,2017,Documentary,6.9,87.0
Joshi daisei: Hentai,1982,,,
Sisam,2024,"Drama,History",6.4,12.0
"I ragazzi delle scorte. 1992, le stragi di Capaci e via D'Amelio",2022,Documentary,,
AASP,,Music,,
Last Confession,,Thriller,,
Momma: Living Her Worst Nightmare,2022,Documentary,,
Laila Isabella,2003,"Comedy,Drama,Romance",6.9,45.0
One Last Night of You,2024,Drama,5.7,74.0
Voltage,2024,Action,,
HSK Zrinjski - Prica o ponosu,2024,Documentary,9.2,12.0
Liu mang lu shi,1994,Drama,5.0,13.0
La loca de la casa,1928,,,
Sexy Dancing,2000,Romance,5.4,80.0
Conan the Barbarian: The Official Story of the Film,2023,"Documentary,Fantasy",4.6,9.0
The HIte Report,,Biography,,
Apache - Tyveri av en sykkelindustri,2025,Documentary,,
Survivorz,2017,Horror,5.4,63.0
Les élections,1967,,,
Hind Ki Wali,1978,Drama,,
The Fall of the Krays,2016,Crime,4.6,798.0
Hannah - et liv i to virkeligheter,2011,Documentary,,
Once upon a chronicle,2013,"Comedy,Sci-Fi",,
Like Nobody's Watching,,Romance,,
Quest for the Never-Setting Sun,,Documentary,,
Es geschah am... Swissair 111 - Absturz über Halifax,2022,Thriller,7.7,11.0
Hookers in a Haunted House,1999,"Comedy,Horror",3.6,119.0
Changes,2021,Family,8.0,15.0
"Good Times, Money and Love",1955,Comedy,6.1,74.0
The Foster Mother,1951,Drama,,
De natuur bestaat niet,2024,Documentary,,
Umon torimonochô: Manji kumo,1962,"History,Mystery",,
Como Caído Del Cielo,2019,"Comedy,Drama,Musical",6.5,1741.0
Stone Raiders,,Sci-Fi,,
Me debes un muerto,1972,Comedy,4.8,57.0
Rodney Atkins: Take a Back Road Live,2013,Music,,
Invingatorii,2009,Documentary,9.3,9.0
Seer Movie 7: Crazy Intelligence,2019,"Animation,Family",3.2,16.0
Snuff Video,2021,Horror,,
Confessions of an Innocent Man,2007,"Biography,Documentary",7.4,126.0
Monumental,2020,Documentary,,
Hot Pursuit,,"Action,Thriller",,
Our Father,2025,"Crime,Drama",8.3,39.0
Vacant,2022,"Horror,Mystery,Thriller",4.9,144.0
Judge Mint's Follies,,Comedy,,
Inercia,2013,Drama,6.5,26.0
"Maa Parv: Mother's Day, Sanatan Way",2023,"Documentary,Family,Music",8.4,13.0
Enter the Diamond,,Action,,
Aunt Peg Goes Hollywood,1981,"Adult,Comedy",6.8,150.0
Les oiseaux et les cloches,2024,Documentary,,
Student of the Year 2,2019,"Action,Comedy,Drama",2.3,23340.0
Gripsholm - En kärlekshistoria,2015,Documentary,,
Cold Cement,,Horror,,
En el taller,2016,Documentary,,
Zombies Attack,,Horror,,
Nee Nanna Jeeva,2000,Drama,,
Ouloukoro,1983,,,
Fei zei bai ju hua,1969,Adventure,,
Dead When I Got Here,2015,"Biography,Documentary,Family",6.8,19.0
Audio,2022,"Drama,Romance",,
Forræderne,1983,"Drama,War",5.7,85.0
The Assassin,1961,"Crime,Drama,Thriller",7.0,1748.0
The Holy Alliance,1978,"Comedy,Drama",4.6,8.0
Exterminate the Young Boss!,1967,"Action,Crime",5.2,16.0
Me and Milosevic,2026,Drama,,
Boomba Ride,2021,Comedy,8.0,49.0
Naked Gay' Traction,2020,Adult,,
Marriage and Other Four Letter Words,1974,"Adult,Drama",6.9,64.0
Bad Boy's Security,2024,Romance,,
NAPOLI film,2017,,3.8,6.0
Wah-Wah,2005,"Comedy,Drama",6.7,3442.0
The Belgrade Phantom,2009,"Action,Crime,Documentary",6.7,1630.0
A Little Light'll Do Ya: Defending Democracy in America,2005,Documentary,,
Pr' Hostar,2016,Comedy,7.0,1741.0
US Citizenship Act of 2021,,Documentary,,
The Wedding Year,2019,"Comedy,Romance",5.6,3985.0
Anchors,2008,Drama,,
Moy paren - angel,2012,Comedy,6.6,729.0
Cruel Winter: Survive the Storm,2021,"Action,Adventure",8.0,28.0
Hu Tara Ishq Maa,2017,Romance,,
Jüri Rumm,1994,"Adventure,Drama",6.4,98.0
Come Up Smiling,1939,"Comedy,Musical",5.5,22.0
Hard Times at Douglass High: A No Child Left Behind Report Card,2008,,7.2,34.0
Pioneer,,Mystery,,
Retrace,,"Action,Thriller",,
Herogiri,2015,Comedy,4.7,644.0
Barsat Ki Ek Raat,1948,,,
The Eleanor Roosevelt Story,1965,"Biography,Documentary,History",6.4,234.0
The Return of Draw Egan,1916,"Action,Adventure,Drama",6.2,247.0
Harrowing,,War,,
Onni von Sopanen,2006,Family,6.6,157.0
Ladies at Play,1926,"Comedy,Romance",,
Rocío y José,1983,Romance,5.5,27.0
Pura Vida: A Journey Through Nature and Culture,2023,Documentary,,
Fru Mariannes friare,1921,Drama,,
Posel,2012,Drama,4.8,49.0
The Lost Treasure of Hursit Pasha,1995,"Adventure,Comedy",6.2,277.0
Polytechnic,2014,"Comedy,Drama",4.3,153.0
Balul de sîmbata seara,1967,Comedy,7.2,167.0
Susi Madrid,,Comedy,,
Param Sundari,2025,Romance,5.0,53674.0
R3,2003,"Comedy,Documentary",3.2,42.0
Hagitha's Diary,,"Comedy,Family,Fantasy",,
Crne ptice,1967,"Drama,War",7.4,95.0
Sold Out,2021,"Drama,Music,Romance",6.1,257.0
The Basement,2017,Thriller,,
Killer's Delight,1978,"Horror,Mystery,Thriller",5.4,799.0
The Last Family,2016,"Biography,Drama",7.4,5229.0
The Hard Way,2019,Action,4.8,4674.0
Book Smugglers,2010,"Documentary,History",8.7,16.0
In the South Seas with Mr. and Mrs. Pinchot,1930,Documentary,,
Repossessed,1990,"Comedy,Fantasy,Horror",4.8,10899.0
Tears of Gaiety,1971,,,
Cau Lac Bo Khong Ten,1981,Drama,,
Spiritus,2018,Horror,5.9,10.0
Strange Lovers,1963,Drama,,
A.A.A. Achille,2003,Comedy,6.3,101.0
Jason's Will,,Drama,,
Eradu Kanasu,2017,"Action,Drama,Romance",4.4,7.0
Bloody Mary,2024,"Fantasy,Horror",3.4,69.0
I Am No One,2013,Horror,6.5,21.0
Nijiotoko,1949,"Action,Fantasy,Horror",5.6,122.0
La geôle,1918,,,
Marianela y el cadáver,,Comedy,,
El-Dadah Dudi,2008,"Comedy,Drama,Family",5.2,818.0
The Magic Sword,1969,"Action,Adventure",,
Joel D. Wynkoop's Nekoda,2018,Action,,
I Will Smash You,2009,Documentary,,
The Pussy Burglar,1983,Adult,,
The Dark Divide,,Thriller,,
Untitled Film project,,"Crime,Drama,Thriller",,
The Illumination of Jim Woodring,2019,Documentary,7.3,77.0
Beauty and Ashes,,Drama,,
The Fabulous Heritage,2022,"Drama,Romance",9.0,34.0
Ekskul,2006,"Crime,Thriller",6.1,68.0
They Loved Me,2023,Drama,4.0,12.0
The Last Blockbuster,,Adventure,,
C'era una volta il prossimamente,2014,Documentary,,
Hot Girls with Bags of Cash,,Comedy,,
The Guardian Angel,2012,Drama,,
Foxy Boxing,1982,Adult,,
Parizhskaya lyubov Kosti Gumankova,2004,"Comedy,Romance",4.8,13.0
Sabangji,1988,Drama,5.2,28.0
La muerte insiste,1984,,6.3,8.0
Jungle Cruise,2021,"Action,Adventure,Comedy",6.5,227749.0
Groupies,2018,Thriller,4.5,51.0
321 días en Michigan,2014,Drama,5.7,186.0
Queen of Broadway,1942,"Drama,Romance,Sport",6.1,67.0
Wasted Chef,,"Animation,Drama,Sci-Fi",,
"Retour au Brouck - le marais Audomarois, 40 ans plus tard",2010,Documentary,,
Immortali,2006,Documentary,,
Lisa dagli occhi blu,1969,"Comedy,Musical",4.7,102.0
Ombres,1997,Documentary,,
Çocuklar Sana Emanet,2018,"Drama,Fantasy,Horror",4.8,2183.0
Heimat Osten,2013,Documentary,,
"Yeah, I Blew Up the Internet",2010,Comedy,,
Das Millionenmädel,1919,Comedy,,
Hired,,"Action,Crime",,
Michelle,,Thriller,,
Tarzan and the Amazons,1945,"Action,Adventure",6.2,2758.0
Young Sister-In-Law 5,2019,Romance,4.5,189.0
Batang matadero,1988,"Action,Drama",,
Premika,2013,Romance,,
Mithivedi,2012,"Drama,Thriller,War",7.1,22.0
Jihi,,Crime,,
The Ring of Fire,,Animation,,
My Sister's Keeper,2009,"Drama,Family",7.3,102927.0
Manithan Maravillai,1962,"Comedy,Drama",7.1,18.0
"Bau auf, Bau auf - New East Germany",1994,Documentary,,
Negenhonderd man,1949,Documentary,,
Untitled Independence Bowl Project,,Documentary,,
Spirit of the Tempest,1924,,,
Tripartite,,Horror,,
Forgetting Hollywood,,Biography,,
Tiger Nageswara Rao,2023,"Action,Crime,Drama",6.0,4827.0
El guía de las turistas,1976,"Adventure,Comedy",5.9,18.0
Gregório 38,1969,"Drama,Western",8.0,9.0
Forever,2023,"Drama,Sport",6.3,929.0
Girls About Town,1931,"Comedy,Romance",6.9,763.0
Ang huling birheng bakla sa Balat-lupa,2022,Comedy,,
Exlibris,1984,,,
Daga bailaora,2026,"Adventure,Animation,Musical",,
La Parle,2022,Drama,6.6,20.0
The Lady Takes a Flyer,1957,"Comedy,Drama,Mystery",5.6,235.0
As It Were,2016,"Drama,Romance,Thriller",7.6,8.0
Alt/Escape,2009,Drama,6.6,8.0
Argi,2016,Drama,7.4,8.0
2+1,2014,Comedy,6.8,16.0
Um Passeio no Tejo,1933,Documentary,,
Pagan Island,1961,"Action,Adventure",4.4,195.0
The Latest Secrets of Hieroglyphs,2022,Documentary,8.1,10.0
Pánský klub,2022,Comedy,4.7,122.0
Correspondent in Tokyo,1968,,,
Love in the City,1997,Drama,,
"John Heartfield, Fotomonteur",1977,Documentary,7.2,13.0
Grandad and Me,2014,Drama,5.1,31.0
Not Reachable,2022,Crime,6.9,1774.0
Kakera,2009,,,
Lilly,2021,"Action,Crime,Drama",,
Towards the Battle,2019,"Adventure,Drama,Western",6.3,123.0
Salvatore: Shoemaker of Dreams,2020,Documentary,6.6,316.0
Hamlet,,Drama,,
Tâbimakurâ îpponzashî,1933,Drama,,
Recurse,,Sci-Fi,,
Sengoku uzura,1934,Drama,,
The Christine Jorgensen Story,1970,"Biography,Drama,Romance",5.5,480.0
Dreaming of Ashlea,,Drama,,
Games of the XXI Olympiad,1977,"Documentary,Sport",6.4,335.0
Marty and Vahe Take a Ride,,Comedy,,
Time and Space,2002,,,
My Nappy Roots: A Journey Through Black Hair-itage,2010,Documentary,7.9,26.0
Enzo,2025,Drama,6.6,1496.0
Some Girl(S),2013,"Comedy,Drama",4.5,3982.0
Grampert,,"Drama,Horror,Mystery",,
4 Dollars of Revenge,1966,"Drama,Western",5.1,229.0
Shojo wa kanashî,1929,Drama,,
The Cursed House,2024,"Horror,Thriller",,
Thriving,,Horror,,
How to Break Up with My Cat,2016,"Drama,Fantasy",6.4,22.0
Xixiang ji,1940,,6.3,10.0
RiffTrax: The Phantom Empire,2025,"Adventure,Comedy",,
Changing Hands,2010,"Action,Drama,Thriller",7.2,44.0
Four Days Leave,1949,Drama,5.9,85.0
Meet the Filmmakers: Josh and Benny Safdie,2017,Documentary,7.1,60.0
Wounded,2011,"Drama,Thriller,War",7.1,24.0
The Candy House,,Fantasy,,
Rough,2014,Romance,4.3,142.0
My Winnipeg,2007,"Comedy,Drama,Fantasy",7.5,6038.0
Welkom,2015,"Comedy,Drama,Thriller",7.2,18.0
The Indian Priest,2016,"Biography,Documentary,Drama",8.3,1241.0
La Abogada del Diablo,,Action,,
La vie est ailleurs,2011,Documentary,,
What Men Don't Know About Women,2020,"Biography,Comedy,Romance",,
Raya's Wedding,,,,
Opening Our Eyes,2011,"Adventure,Documentary,Family",6.9,15.0
Kapitalizm s chelovecheskim litsom,2007,Documentary,,
Desobedientes: Historia de Femen en España,2021,Documentary,,
Lucked Up,2019,"Comedy,Romance",,
The Teak and the Cloth,,Drama,,
Le Défilé,2025,Talk-Show,,
Dave's Lessons in Time Travel,,Family,,
Story of America - Journey Into the Divide,,"Documentary,History,News",,
Death,2019,"History,Horror",7.9,23.0
Stormskerry Maja,2024,Drama,7.6,3203.0
Camp Fire Stories,2018,Horror,5.3,69.0
Grunge: A Story of Music and Rage,2021,"Documentary,Music",5.2,96.0
Restoring A Legacy: The Struggle Against Terrorism,2025,Documentary,,
Rak noi na,1986,Romance,,
The Donkey Comes on a Tank,1964,Comedy,6.5,32.0
Beyonce: On Top,2018,Documentary,,
The Martini Shot,2000,"Comedy,Romance",2.7,13.0
A Voice from the White Horse,,Drama,,
West Bromwich Albion vs Liverpool,2015,Sport,,
Meri Bhool,1937,,,
Rhythm + Flow: France - After the Beat,2025,Documentary,6.1,17.0
Killer Truck,,Action,,
Borboletas e Garanhões,1985,Adult,4.0,8.0
The Braid,2023,Drama,7.2,2539.0
An Unlikely Pair,2023,Romance,,
3:13 Three Thirteen,2014,Drama,7.7,84.0
Revolutionshochzeit,1938,Drama,2.6,25.0
It's All in Lebanon,2011,Documentary,8.4,8.0
Before the Vigil,2013,Drama,6.0,96.0
American English,,"Comedy,Romance",,
The Vanishing Frontier,1932,"Drama,Romance,Western",5.1,33.0
Max Bedroom,1988,Adult,5.0,7.0
The Liberation of Prague,1977,"Drama,War",5.2,63.0
Burlando la ley,1993,Comedy,,
The Graff Lab,,Documentary,,
From the Sun,2022,Documentary,,
The Undercurrent,1919,Drama,,
In Search of Pure Colour: Pierre Bonnard 1867-1947,1984,"Biography,Documentary",,
Summer Daydream,2018,Drama,6.6,70.0
Ee vleklo bushuyushchee more,1917,Drama,,
Mobfathers: Dance with the Devil,,Comedy,,
Grandmother,,Drama,,
#BeaconHill,,"Crime,Drama,Thriller",,
One Night in October,2017,"Drama,Horror,Mystery",3.2,167.0
The Deadly Art of Survival,1979,"Action,Drama,Music",4.9,78.0
Avventura in città,1959,,,
Last Call,2010,"Comedy,Mystery,Thriller",,
The Web of Eve's Short Stories,,Drama,,
Drifter,,Western,,
Isana no umi,1997,,,
SpeakEasy,2027,"Drama,Sci-Fi,Thriller",,
Las sicodélicas,1968,"Comedy,Drama,Thriller",5.8,40.0
Dancing Village: The Curse Begins,2024,"Horror,Mystery,Thriller",5.7,4422.0
Mission Blue,2014,"Documentary,Drama",7.9,2257.0
Judith X,2023,Thriller,6.4,11.0
Lou's Team: The Story of the Humboldt Crabs,2026,"Documentary,Sport",,
Congo in Four Acts,2010,Documentary,7.1,14.0
Otto Placht - malír dzungle,2000,Documentary,,
Ein Mann im schönsten Alter,1964,Drama,7.4,26.0
The Legend of Buddha,2004,"Animation,Family",6.3,136.0
Guns in the Afternoon: The Life and Times of Kidco and Tribel,2008,Documentary,,
The Irregulars,,Documentary,,
Das eherne Gesetz,1920,,,
Koi no himitsu,1921,,,
The Passion,2010,"Comedy,Drama",6.2,715.0
Das große Loch,2017,Documentary,,
Giorni rubati,2000,Drama,,
The Palace of Pleasure,1926,"Action,Adventure,Drama",4.7,19.0
Halikan mo at magpaalam sa kahapon,1977,Drama,,
Indeda engabomwa,1985,"Action,Thriller",,
A Time Lost,,"Adventure,Comedy,Drama",,
Self-Partnered Honeymoon,,Comedy,,
American Mutiny,,"Action,Drama,Thriller",,
Bohater roku,1987,Drama,6.7,129.0
Venez voir l'Espagne,1993,Documentary,,
I Will,1919,Comedy,,
Sound for the Future,2020,"Documentary,Music",6.4,23.0
Lux-Flux,2006,Fantasy,,
Zangetsu ikkiuchi,1954,,,
Smiles of a Summer Night,1955,"Comedy,Romance",7.7,15741.0
Race You to the Bottom,2005,"Drama,Romance",5.0,466.0
Skazany: Reaktywacja,2025,"Action,Comedy",,
Yagûchi no watashi,1918,,,
Refuge,2010,"Comedy,Crime,Drama",4.8,178.0
Terror Trail,1921,"Action,Adventure",1.8,26.0
"Si shen, zui hou yi zhang wang pai",1989,Thriller,,
Nothing to Write About X'mas,2000,Drama,,
Windborne: Call of the Canadian Rockies - Flyover,2022,Action,,
Do the Right Film: Le cinéma Black américain aujourd'hui,2017,Documentary,,
Leur souffle,2019,Documentary,7.0,31.0
The Writing's on The Wall,2016,,,
Heaven Before I Die,1997,Comedy,4.3,166.0
How We Got the Italian Movie Business Into Trouble: The True Story of Franco and Ciccio,2004,Documentary,7.4,216.0
Untitled Rocio Molina Project,,,,
My Heart Beats,2010,Drama,6.0,79.0
Down's Revenge,2019,"Action,Drama,Horror",5.3,99.0
Capricciosa,2003,Drama,5.9,409.0
Drifting States,2005,Drama,6.5,183.0
Exciting Love Girls,1983,"Adult,Drama,Thriller",5.0,73.0
After School,2017,,,
The Raid: Redemption,2011,"Action,Crime,Thriller",7.6,230497.0
Cheyenne Roundup,1943,"Drama,Western",6.0,88.0
Requite,2014,Drama,,
The Shepherd's Keeper,2024,Documentary,,
Carry on Con Men,1975,Comedy,4.8,30.0
Miss April,1963,"Comedy,Family,Romance",5.8,83.0
Ekhon Nedekha Nodir Xhipare,2012,Thriller,,
Renzoku satsujinki: Reiketsu,1984,"Crime,Drama,Horror",5.4,12.0
Roblox Thrill Island Theme Park Movie,2026,Action,,
Virtue for Sale,1950,"Comedy,Drama,Family",5.5,35.0
IV: Our Lives,2026,Documentary,,
Richard Nixon,,"Drama,Fantasy,History",,
Around the World in 80 Dates,,"Comedy,Romance",,
Rekkai Mulaithen,,"Crime,Thriller",,
This Thing Called Love,1940,Comedy,6.2,243.0
Asmara Moerni,1941,Romance,,
Sen Aglama,1987,"Adventure,Drama",4.9,55.0
The Last One,2017,Adventure,,
"Kidnapping, Caucasian Style",2014,Comedy,1.2,719.0
Silver Seas,,,,
Uchitel tantsev,1952,"Drama,Romance",6.8,43.0
Slenderverse: An Artistic Movement,2024,"Documentary,Horror",6.6,9.0
The Parrot Sings with Her Whole Body,1981,Drama,6.3,49.0
King of the Freshman,,"Biography,Drama",,
Chess State,2014,Documentary,,
Mahinhin vs. mahinhin,1981,Comedy,,
OnePeople: The Celebration,2012,Documentary,8.6,21.0
Tedi Papavrami and François-Frédéric Guy at the Palazzetto Bru Zanefestival,2015,Music,,
Lots & Lots of Toy Trains Vol. 1: Big Trains & Little Trains!,2003,Family,,
DOGS! Waiting to Be Loved,,Family,,
Stone by Stone - Building the Paradise Orphanage,,Documentary,,
A taraji carol,,,,
Kolkhetis chiraqdnebi,1941,"Drama,Romance",5.2,9.0
Al-Seman W Al-Khareef,1967,Drama,7.1,135.0
Straight Story,2006,"Comedy,Drama,Romance",5.8,3233.0
Okonomi Hatchan,1999,"Drama,Family",,
Love After Love,2020,Drama,5.7,706.0
Behavior,2011,Mystery,8.7,20.0
Un peu d'amour,1932,Comedy,6.0,19.0
Les démons de Jésus,1997,Comedy,6.8,866.0
Mating in Captivity,,Drama,,
Honeymoon Ranch,1920,"Drama,Romance,Western",,
Virginia Casta,2017,Drama,5.7,26.0
"Animated Classics: 20,000 Leagues Under the Sea",2021,Animation,,
Man on the Roof,1979,,,
North Korean Partisan in South Korea,1990,War,6.5,181.0
Nuclear Beauty,,Drama,,
Wills & Burke,1985,"Biography,Comedy",4.3,281.0
Green Bank Pastoral,2020,Documentary,6.4,23.0
Moog,2004,"Documentary,History,Music",6.2,657.0
Evalasa Khopa,2009,Drama,,
Bôya monogatari,1951,,,
Mid Season,2022,Documentary,,
"Her Majesty, Love",1931,"Comedy,Musical,Romance",5.9,224.0
El anima de Sayula,1982,"Comedy,Fantasy",4.7,22.0
Vai pro Gol,2012,"Biography,Comedy,Documentary",,
Epic Meltdown,,Comedy,,
Tshnamu Ankoxnum,2019,Action,,
Learning Hebrew (A Gothsploitation Movie),2013,Drama,2.8,77.0
Wounded,2012,"Action,Comedy,Crime",5.0,19.0
Le prix de la paix,1987,,,
The Day That Arafat Died,,Comedy,,
Footy Legends,2006,"Comedy,Drama,Sport",6.0,618.0
Rules of Engagement,2000,"Drama,Thriller,War",6.4,52793.0
Inside Out: Portraits of Children,1997,Documentary,8.0,22.0
Minus 168 Degrees,2012,Action,,
Three in One,2012,Drama,,
Hai,2002,Romance,4.9,38.0
Winning His First Case,1914,Drama,,
The Monroe Detail,,Drama,,
Soul and Body,1921,,,
In the Shadows of Distraction,,"Action,Thriller",,
Sezonowa milosc,1916,,,
Wormhole: The another paradise,2025,Sci-Fi,,
Prezident i ego vnuchka,2000,Comedy,5.6,310.0
Command Performance,1977,Adult,,
Karkash,2005,"Adult,Drama",5.1,37.0
Les Insoumises,1956,,,
Shadow of Treason,1964,Drama,4.9,73.0
Night of Love,1954,Drama,5.6,96.0
Love Beneath the Northen Lights,,"Drama,Romance",,
Murderer,1935,,,
Alerta en el cielo,1961,Drama,3.9,26.0
RiffTrax: Nightmare at Noon,2012,,,
Neukdaewa goyangideul,1972,"Comedy,Romance",,
Brexit: Why Are We Leaving?,2021,Documentary,,
"Them, Behind the Door",2024,Horror,4.1,100.0
Miss Debutante,,Comedy,,
Toxic Love,1983,"Crime,Drama",7.2,1561.0
Liberty to Love,1975,Adult,,
ILL Wind,,Sci-Fi,,
Joyfluid,2014,Animation,,
Tatlong baraha,1961,Action,,
Gipsy,1917,,,
Two Locks of Hair: The Missing Girls of Dersim,2010,"Documentary,History",6.6,133.0
Hisirinwalle,2017,Drama,,
The Rochester Lithuanians,2020,Documentary,,
Aaken mökkilaituri,2009,Crime,,
Murder of the Inugami Clan,2006,"Drama,Mystery,Thriller",6.3,457.0
The Best of Iskul Bukol: The Movie,1987,Comedy,,
The Sandmen,2000,"Drama,Thriller",6.6,139.0
Fate,1990,"Comedy,Romance",2.9,78.0
Strange Love of the Vampires,1975,"Horror,Romance",5.5,304.0
The Right Push Pre-Release First Virtual Listening Party the Rewind,2022,Talk-Show,,
Make Room for Tomorrow,1979,"Comedy,Drama",4.6,70.0
Der schwarze Graf,2007,Documentary,,
Jabidah Massacre,1990,"Action,Drama,War",7.1,12.0
The Man She Weeps,2021,Fantasy,,
A Bagfull of Money,2019,"Action,Thriller",,
Heroes Don't Come Home,2016,"Action,Drama,War",5.3,232.0
Panchavarna Kili,1965,,5.4,6.0
Club 33,,"Fantasy,Mystery",,
Dark Journey,1937,"Adventure,Crime,Romance",6.2,1628.0
Parvat,2025,Family,8.1,13.0
Killer Constable,1980,"Action,Drama",7.0,668.0
Lonely Teardrops Jackie Wilson,,Drama,,
Spiel im Spiel,1916,,,
Izgubljeni zavicaj,1980,"Drama,War",6.5,129.0
Les affamés,2018,Comedy,4.2,218.0
Ashita no Jo,1970,Action,,
Where Are My Children?,1916,Drama,6.2,928.0
Isang gabi sa iyo... Isang gabi sa akin,1978,Drama,,
Bloody Daisy,2019,"Crime,Drama",5.1,35.0
Prípad mrtvých spoluzáku,1977,"Crime,Drama",4.4,30.0
Finding Love,,"Comedy,Romance",,
Becoming Jason,,Documentary,,
Sidetracked,,Thriller,,
Dhanno Dhabe Wali,2004,Thriller,,
A Flower from Heaven 3,2021,Family,5.4,12.0
We Are Not Alone,,"Horror,Sci-Fi,Thriller",,
Basgan,2016,Documentary,6.4,38.0
Powergame,,Action,,
Delivered,2022,Drama,,
A Benedek-ház,1944,,5.5,14.0
After Six Days,1920,Drama,3.7,21.0
Takano Tofu,2023,Drama,6.8,180.0
Place,,Thriller,,
Kill or Be Killed,,"Horror,Thriller",,
Bozyszcze. W sidlach uwodziciela,1923,"Drama,Romance",,
Rj Khushee,,Drama,,
A Magic That Continues,1974,Documentary,,
Ragazze la vita trema,2009,Documentary,7.4,9.0
Ghar Ek Pankhi No Malo,2000,Drama,,
Victor Meneses: Dugong Kriminal,1993,"Action,Crime,Drama",,
The Far Green Country,2018,Documentary,6.0,151.0
The Lobster,,Romance,,
Kanikuly OFF-LINE 2,2019,Comedy,5.5,32.0
Stineheid,,Thriller,,
New York Decalogue,2011,Drama,7.6,16.0
The Kingpin,1967,Action,,
Two on the Tiles,1951,Comedy,4.6,83.0
David and Goliath,,Action,,
Trouble with Happiness,1995,,,
12º Rally Internacional dos Sertões,2004,Documentary,,
Palnati Yudham,1966,"Drama,History,Musical",7.8,31.0
Paradise City,2019,Drama,5.5,128.0
Dhuwani,2013,Thriller,,
101 Weddings,2012,"Comedy,Drama,Family",4.7,274.0
Unrequited,2013,Drama,,
Godspeed,2022,"Action,Drama,War",6.5,3752.0
Ee Samajam Maakodu,1985,,,
LOMO: The Language of Many Others,2017,"Drama,Thriller",5.5,219.0
Volga i Sibir,1914,,,
The pilgrimage of the sky,2014,"Documentary,News",,
Byttinger,1991,Drama,5.7,40.0
The Pornographer,1994,Drama,6.5,117.0
Zussen,2021,"Comedy,Drama",,
Furia en la isla,1978,Drama,4.9,24.0
Cara sucia,1949,"Comedy,Drama",,
Kop glebiej,2011,Drama,4.9,49.0
Deshielo,2009,Comedy,,
Paradise Circus,,,,
Int Dark Room Night,,Fantasy,,
Blanche est la nuit,1989,Drama,6.6,15.0
Ekambavanan,1947,,,
Purple Tigers,,Sport,,
Kôsan Kingôro,1917,,,
The Great Ecstasy of Robert Carmichael,2005,"Crime,Drama",4.9,1480.0
La vita di scorta,1986,Drama,,
Summoned: Frances Perkins and the General Welfare,2019,,8.8,16.0
ChaOssi,2000,Comedy,,
The Ghost Has A Rifle,,"Drama,History",,
Always Again,2016,"Comedy,Drama",,
Jakub,1992,Documentary,7.6,110.0
Saint Nick,,Family,,
Another Bad Reputation Story,1961,"Action,Crime",6.4,20.0
Laxman,,Drama,,
Galaxy Express 999,1979,"Action,Adventure,Animation",7.4,2635.0
Murder at Koh E Fiza,2022,"Crime,Thriller",3.8,31.0
Los perversos,1967,Drama,6.0,27.0
Un amour d'été,2015,Documentary,7.0,15.0
Argwaan - A Documentary About Luc Tuymans,2023,Documentary,,
Janie Gets Married,1946,"Comedy,Romance",6.0,320.0
Late Fame,2025,"Comedy,Drama",6.8,296.0
El crimen de una novia,2006,Documentary,5.4,11.0
Mad Extravagant City,,"Crime,Thriller",,
Four Days in Paris,1955,"Comedy,Musical",5.5,22.0
Junior Mints,,Drama,,
Preto the Movie 2,2017,Action,,
La isla de los alacranes,1990,Adventure,,
The Horses of Fukushima,2013,Documentary,6.5,36.0
Black Horses,2007,Drama,5.7,157.0
Ominous,,Horror,,
Bicycle Thief,,Drama,,
Hure Pujaran Tara Soor Ni,2018,Drama,,
"Princesse, à vos ordres!",1931,Comedy,6.9,29.0
The Merry Wedding,1984,"Drama,Romance",7.0,8.0
Confessions of a Pit Fighter,2005,"Action,Drama",4.2,293.0
The Prophet,2019,Documentary,7.2,19.0
My Mother's Wound,2016,"Drama,Mystery",7.3,4493.0
Sgt. Frog: The Super Movie,2006,"Animation,Comedy,Sci-Fi",6.3,173.0
Nâsu Natsuko no atsui natsu,2010,Drama,3.6,9.0
Le steak,1992,Documentary,7.3,100.0
Apocryphal County,2023,Documentary,,
Genoa,,Drama,,
Chomeî,1927,Drama,,
Aarum Anyaralla,1978,,,
The Eavesdropper,2015,"Action,Drama,Thriller",,
Nargesi,2021,,5.4,131.0
Deseo criminal,1995,"Crime,Mystery,Thriller",,
The Bear and the Doll,1970,Comedy,6.3,574.0
Captain Kidd and the Slave Girl,1954,"Action,Adventure",5.3,194.0
Ang pagnanalik ni adan,1976,,,
Mizuiro,2002,,,
Fentanyl and Families in the Midwest: The Devastating Impact of Opioids,2025,Documentary,,
Forever and a Day,1943,"Drama,History",6.9,887.0
Home in the Morning,,Drama,,
Showanag: The Shepherd,2016,,7.8,24.0
Kovalan,1930,,,
Tadur,2025,,8.3,7.0
Ahmiyat,2025,Drama,6.7,12.0
Without Home,1956,Drama,6.2,11.0
Limerence,,Sci-Fi,,
Serling,,Biography,,
Beijo na Boca,1982,"Crime,Drama",4.9,123.0
Monsieur Papa,1977,Comedy,5.4,83.0
The Retreat,,Horror,,
The Devil in Velvet,1968,Comedy,,
Van Gogh in Love,2021,Comedy,6.8,60.0
Archana Aaradhana,1985,,,
Secret Societies: Illuminati,2023,Documentary,,
The Life of Reilly,,Drama,,
Sridevi Shoban Babu,2023,"Comedy,Romance",4.8,209.0
Circus Kids,2012,Documentary,,
Unhuman Nature,2020,Horror,2.9,116.0
Kyôfu no taiketsu,1958,Drama,,
Wait for Me,,Drama,,
Black Dju,1996,Comedy,6.5,50.0
Hindi Binyagan,1962,"Action,Adventure",,
"Crazy Eight, Ang Walong Django",1969,"Drama,Western",,
Bandagistenglück,1997,Comedy,6.8,14.0
Do Naina,1947,,,
Tomorrow Has Gone,,Drama,,
A Song for You: The Austin City Limits Story,2016,"Documentary,History,Music",7.3,167.0
Onna no seidan,1967,,,
Mixtape,,"Comedy,Romance",,
Wonder Vi,1973,,,
Another Testament of Christ,2009,Documentary,,
Someone to Watch Over Me,,Drama,,
The Street Descends to the Sea,1960,Drama,5.3,9.0
Graham's Tales,2015,"Biography,Crime,Documentary",,
Twisted Wishes,,,,
Prinzessinnenbad,2007,Documentary,7.0,643.0
The Madcap,1916,"Comedy,Drama",,
Vozvrashcheniye v belyi al'bom,1989,Documentary,,
Der eiserne Gustav,1958,"Biography,Comedy,Drama",6.5,229.0
Pippi Långstrump på Folkan,1983,"Comedy,Musical",,
The Guys,2017,"Comedy,Romance",6.2,426.0
Life Gamble,1978,"Action,Drama",6.6,290.0
A Chain Reaction,2020,Drama,,
Life Before Fairfield,2017,Documentary,,
Forward Ever: The Killing of a Revolution,2013,"Biography,Documentary",8.0,13.0
Die Stunde der Vergeltung,1918,"Crime,Drama",,
Ashes and Diamonds,1958,"Drama,Romance,War",7.7,15023.0
Jenny's Wedding,2015,"Comedy,Drama,Romance",5.6,12598.0
Una canción en la noche,1945,"Drama,Music",,
Unarmed,,"Action,Thriller",,
The First Twenty Years,2024,Documentary,,
Abunaku Itoshite: Love Me Danger,1996,,,
One Seat,,,,
Benedetto XVI L'Ora Della Verita,2018,Documentary,,
Vartha Re Vartha,,Action,,
The Blue Lake,2017,Drama,,
Eugéniové,2013,"Biography,Documentary",6.2,19.0
"Tout le temps, tout le temps, tout le temps?",1970,,,
Shame on You,2016,Documentary,,
Strange Planet,1999,"Comedy,Romance",5.6,1002.0
The Brain,1988,"Horror,Sci-Fi",5.2,4157.0
The Awakening of Jim Burke,1935,Drama,5.7,16.0
Muqaddar,2017,Drama,7.2,31.0
Siblings,2025,"Comedy,Drama",7.0,596.0
Sampa Pacha,2011,Documentary,,
The Arstist Vassilis Theocharakis,2017,"Biography,Documentary",,
Newcastle United F.C. vs Manchester United,2012,Sport,,
Ataerareta buki,1930,Drama,,
Bed de girl chigai,1986,,,
Ekkadiki Pothavu Chinnavada,2016,"Comedy,Fantasy,Romance",7.4,2247.0
Grand Prix of Europe,2025,"Animation,Comedy,Family",5.8,1011.0
Still/Born,2017,"Horror,Thriller",5.4,4804.0
Connessioni pericolose,2017,,,
Villains Inc,2023,Comedy,5.3,371.0
Dragalina,2010,"Documentary,Family",,
Qafas Al-Harim,1986,Drama,7.7,8.0
The Amazing Adventures of Joe 90,1981,"Action,Adventure,Crime",,
Don't Fool Yourself Dear,1937,"Comedy,Drama",6.1,71.0
Torakku yarô: Ichiban hoshi kita e kaeru,1978,Action,6.7,34.0
Ride Around Shining,,,,
Torture,2010,"Action,Drama",,
Elizabeth Blue,2017,Drama,5.3,177.0
A Lady in Love,1920,Drama,,
Kill It with Fire,,Horror,,
Bloody Axe Wound,2024,"Comedy,Horror",5.0,1593.0
En Primera Persona: China Suárez,,Documentary,,
Der Bettler von Savern,1918,Drama,,
Sweet Dreams,,Drama,,
Cholo Zombies Monstro,2023,"Comedy,Horror",8.3,67.0
Noir Désert,,,,
Rembrandt,1940,"Biography,Drama,History",,
The 900-Year Secret of the Knights Templar - Part 2,2019,Documentary,,
Generale Rivivendo Carlo Alberto dalla Chiesa,2012,Documentary,,
Red Star,,"Comedy,Romance",,
Das Geld und das Glück,,Crime,,
Vafaye Engare,2019,Documentary,,
Magiya chyornaya i belaya,1984,Comedy,7.1,51.0
Moamma-ye Edalat,2013,,,
Shandaar,1974,"Drama,Family",7.9,87.0
El Camino del Gato,2015,Drama,,
Rhein Musikalisch,2012,Documentary,,
Confessions of a Cuckoo,2021,Drama,7.1,46.0
Kinsha togu denka gojunyo daisanpo,1921,,,
Il Trio: Allacciare Le Cinture Di Sicurezza,1990,Comedy,8.1,14.0
My Husband's Secret Wife,2018,Thriller,4.7,404.0
Console Wars,2020,Documentary,7.0,2475.0
Vera's Holiday Flop,2025,Comedy,3.8,39.0
Hermod,,"Action,Sci-Fi",,
Huang tang nu xu,1959,Comedy,,
One Blood,2012,Action,7.8,17.0
Maassab (The Teacher),2018,Drama,7.9,437.0
The Princess in a Nightrobe,1914,,4.1,34.0
MBUBE - Die Nacht der Löwen,1998,Documentary,,
The Guardians of Civilisation,2018,Documentary,,
Lost Fare,2018,"Crime,Drama,Fantasy",4.9,442.0
Kiss Me Goodbye,1982,"Comedy,Fantasy,Romance",6.0,2675.0
Abattoir Rising,,"Documentary,News",,
The Secret of a Leader,2018,"Crime,Drama,Family",6.8,69.0
Forbidden Quest,2006,"Comedy,Drama,Romance",6.1,438.0
Santana City,2016,"Action,Drama",,
Caught Slippin,2026,Thriller,2.7,32.0
Zwischen Inseln,2011,Documentary,,
The Ipanema File,,"Crime,Drama,Mystery",,
The Road to Home,2015,"Biography,Documentary,News",8.3,14.0
Khoosee Deetaefan,2013,,,
Luna Eclipse,,Action,,
Mohabbath,2011,"Drama,Romance",3.1,17.0
La peur,1936,Drama,4.4,46.0
Toy House,,"Fantasy,Horror",,
Grandma's Withdrawal Symptoms,,Comedy,,
Nocturnal Times,2018,"Crime,Drama",7.4,24.0
Silence,2018,Thriller,,
Dental Plan,,Comedy,,
I Don't Like Younger Men 4,2019,Romance,6.4,182.0
The lumberjack,2023,"Action,Drama",,
Death of a Jew,1969,Drama,5.3,21.0
Uppukandam Brothers,1993,"Action,Comedy",6.5,68.0
The Verdict,,"Crime,Drama,Thriller",,
Fake,2017,"Action,Comedy",6.5,10.0
Dream Boys: Broken Dreams,2009,,,
Goliath,2023,"Adventure,Drama",7.1,456.0
Zoners,2026,"Horror,Sci-Fi",,
Opus Diabolicum - The Orchestral Live Show,2025,Music,,
Moon Mist,,Drama,,
Women of Desire,1974,Drama,5.5,29.0
7WAYS,2023,Drama,,
Unthinkable: The South LA Nightmare,2026,Crime,,
USA: Desired & Despised,2009,"Adventure,Documentary",,
Khai,2013,Drama,,
Yokai Monsters: 100 Monsters,1968,Horror,6.5,1172.0
Kesäillan valssi,1951,"Drama,Music,Romance",5.7,55.0
Unsigned,2011,Documentary,8.0,27.0
Luogo Comune,2018,Documentary,,
The Cryptic Tale of Beta Alpha Nu,2016,Horror,3.2,17.0
Lungo il fiume,1989,Drama,,
The Disorder,1962,Drama,5.8,143.0
Team Sea To See: Success In Plain Sight,,Documentary,,
One Day,2017,"Drama,Fantasy",6.5,755.0
Ex-Convict,1978,"Action,Drama",,
Myoho,2012,Drama,7.3,18.0
Bride & Prejudice,2004,"Comedy,Drama,Musical",6.2,22675.0
Jesus: The Facts About Jesus,2023,Documentary,6.1,67.0
Untitled Wishing Well Pictures Thriller,,Adventure,,
Zoku sarariman shussetai kôki,1957,,,
Elevator bôkô: Okasareru,1982,,,
A Day to Die,2022,"Action,Crime,Drama",3.5,5585.0
Lover's Discourse,2010,"Drama,Romance",6.0,165.0
The Birth of a Nation,2016,"Biography,Drama,History",6.6,22673.0
We Run These Streets,2024,"Crime,Drama",,
Baguette magique,2013,"Documentary,Music",,
Red Shadow,2001,"Action,Adventure,Comedy",5.5,987.0
Kafe Lale: Hubert vs. Kishev,2015,Mystery,,
20 Cigarettes,2007,"Comedy,Drama",5.3,175.0
Rescue Refugee,,"Documentary,Drama",,
We Were Here,,Drama,,
Somewhere by the Sea,2023,Documentary,7.1,21.0
Profile,2018,"Mystery,Thriller",6.7,8308.0
Oppam,2016,"Action,Thriller",7.3,4900.0
7 Days in June,2025,War,5.4,49.0
O Construtor de Anjos,1978,Mystery,6.9,18.0
St James's Palace: The Secret Royal Residence,2024,Documentary,,
Cats Don't Come When You Call,2016,Comedy,6.6,269.0
Hears My Voice,,Drama,,
Nerve,2015,"Documentary,History",6.2,9.0
Return to Nim's Island,2013,"Adventure,Family,Fantasy",4.9,2096.0
A Water Mill,1966,"Drama,Mystery",6.6,47.0
Leave No Trace,2022,"Crime,Documentary",6.8,574.0
Madhura Padhinezhu,1975,,,
The AT,,Thriller,,
Ripper Untold,2021,"Crime,Drama,Horror",4.1,2454.0
Awara,2012,Action,5.5,805.0
Blackwater,2023,Documentary,,
Al-aasifa,1971,,,
Life Guidance,2017,Sci-Fi,5.5,185.0
Huan tian xi di,1960,Documentary,,
Leave/Stay: Sweet Home,2017,Documentary,8.2,6.0
Pictures of Us,2024,Drama,7.9,10.0
War on the Other Bank,2008,Drama,,
Professor Nissens seltsamer Tod,1917,Drama,,
A Rose by Another Name,,Romance,,
Hostal España,2020,,,
Zeikin Cyborg Itoman,2013,Comedy,,
The Naked Kiss,1964,"Crime,Drama",7.2,9671.0
Du sollst Vater und Mutter ehren!,1913,,,
Auto Destruct: One Man's Obsession with William Shatner,2005,Comedy,7.7,12.0
Chippendales,2001,,6.1,27.0
