nombre,dni,genero,pelicula,formato,precio,fecha_visita
Mario Cannon,67504142,M,Dan,Normal,6.78,2026-02-26
Morgan Shaw,45622095,F,"Romani, the Brigand",Normal,7.68,2025-10-27
Kenneth Lawrence,50408744,M,Arizona,Normal,7.23,2025-07-22
Sydney Odom,87996539,F,Captain Swift,3D,13.06,2025-08-03
John Mcgee,26398016,M,Salomy Jane,Normal,8.84,2025-12-23
Sean Owens,31310289,M,Le camée,Normal,8.68,2026-03-10
Brian Hansen,36556285,M,"10,000 Dollars",3D,10.46,2025-06-22
Cheyenne Graves,52037921,F,Saved in Mid-Air,Normal,7.95,2026-01-12
Julie Alexander,29270405,F,"10,000 Dollars",3D,13.77,2025-07-22
Austin Humphrey,44764184,M,The Seats of the Mighty,Normal,8.72,2026-01-03
Nicole Murray,92923244,F,The Climbers,Normal,7.23,2025-11-05
Christian Valdez,43816921,M,Mother Love,Normal,6.6,2025-09-08
Susan Chan,86970746,F,The Disciple,3D,13.89,2026-01-21
Brianna Chambers,92420790,F,Springtime,Normal,8.24,2025-07-06
Sean Watkins,73027988,M,"Hamlet, Prince of Denmark",Normal,6.41,2026-04-25
Wanda Haley,90513094,F,The Key to Yesterday,Normal,7.91,2025-11-21
Robin Austin,76479225,F,Anny - Story of a Prostitute,3D,13.1,2025-08-11
Timothy Benton,89841191,M,The Commanding Officer,Normal,8.78,2026-05-05
Devin Murphy,93074337,M,Un solo corazón o Los muertos viven,3D,13.79,2025-07-05
Monica Blevins,28974257,F,"How Fine, How Fresh the Roses Were",3D,11.47,2025-10-15
Pam Chavez,80985021,F,Brewster's Millions,3D,13.27,2025-06-30
Robert Perez,30853784,M,The Case of Becky,Normal,8.29,2025-09-03
Selena Pham,13818491,F,Revolução de 5 de Outubro,3D,12.08,2026-04-09
William Brown,46225280,M,The Wrath of the Gods,Normal,8.22,2025-08-20
Andrew Garcia,16728513,M,The Bartered Bride,Normal,8.84,2026-02-10
Jill Beard,36335662,F,The Lipton Cup: Introducing Sir Thomas Lipton,Normal,8.09,2026-04-16
Mrs. Amber Duran MD,70625487,F,Zona olivarera,Normal,6.5,2025-08-17
Gary Hughes,65263496,M,The Yellow Traffic,Normal,7.89,2026-01-18
David Weiss,73694782,M,The Secret of the Mountain,Normal,7.64,2025-12-31
Anna Clark,48374059,F,Are They Born or Made?,Normal,8.29,2025-05-25
Jennifer Matthews,66144218,F,The Trey o' Hearts,3D,13.41,2026-03-31
Raymond Nelson,32488427,M,Camille,Normal,7.71,2025-08-13
Daniel Martin,69739762,M,Gira política de Madero y Pino Suárez,Normal,7.86,2026-02-05
Shannon Jones,87524296,F,A Woman's Triumph,3D,13.42,2025-06-30
Christina Smith,48298809,F,Los Pirineos de Port-Bou a Andorra,3D,10.0,2025-10-20
Craig Williams,15791644,M,The Boundary Rider,3D,11.68,2025-08-10
Brett Bowman,23150564,M,The Cheat,Normal,6.37,2026-04-16
Jennifer Mendoza,33561321,F,Tirol in Waffen,Normal,6.6,2025-06-04
David Hamilton,29232712,M,The Criminal Code,Normal,7.52,2025-09-21
Andrea Jimenez,39313761,F,The Escape,Normal,7.55,2025-05-28
Tonya Mahoney,40902773,F,The Million Dollar Robbery,Normal,6.93,2025-06-13
Rachael Allen,83171086,F,The Hazards of Helen,3D,12.6,2026-04-12
Devin Diaz,27233764,M,Love of Perdition,Normal,8.6,2025-10-01
Christopher Walker,47210761,M,The Gamblers,3D,10.0,2026-01-06
Emily Santos,13610792,F,El calvario de un héroe,Normal,8.15,2025-06-13
Michael Davis,22527853,M,Robin Hood,Normal,8.44,2025-06-14
Robert Ware,85093432,M,The Arab,3D,12.74,2025-06-05
Jacob Mcfarland,72110436,M,The Trail of the Lonesome Pine,3D,13.25,2026-02-01
Jon Smith,35234948,M,After the Ball,Normal,8.39,2026-05-05
Megan Vazquez,20556273,F,Amor de pescadora,3D,13.64,2025-07-17
Mrs. Pamela Gutierrez,66548433,F,A 300 éves ember,3D,11.1,2025-05-20
Jonathan Williams,33971718,M,The Lotus Dancer,3D,13.64,2025-11-30
David Jones,21803220,M,The Merchant of Venice,3D,12.64,2026-02-07
Dr. Lisa Clark,62891342,F,Maskierte Liebe,3D,13.08,2025-08-09
Jessica Andrews,19803774,F,The Commanding Officer,3D,10.49,2025-11-12
Brandon Collins,45197261,M,Un solo corazón o Los muertos viven,Normal,7.55,2026-01-15
Terry Rivera,37848938,M,För sin kärleks skull,3D,11.14,2025-12-17
Justin Edwards,52588516,M,The Boundary Rider,Normal,6.35,2025-11-20
Savannah Kemp,24257219,F,A Modern Mephisto,Normal,7.11,2025-09-13
Stephanie Fisher,34990551,F,"Ireland, a Nation",Normal,6.71,2026-03-13
Christina Perez,28137607,F,Buch i Trøjen,3D,12.09,2025-11-05
Maxwell Melton,22890858,M,The Deathlock,Normal,6.43,2026-05-06
Keith Aguirre,20558814,M,The College Widow,3D,13.51,2025-07-15
Adam Jones,64798386,M,"Price of Treachery; Or, The Lighthouse Keeper's Daughter",3D,13.57,2026-01-11
Linda Paul,58644371,F,Oliver Twist,Normal,8.13,2025-11-09
Kendra Lawrence,51132747,F,The Closing Net,3D,12.46,2026-03-27
Lori Mathis,50089749,F,Paul J. Rainey's African Hunt,Normal,6.96,2026-02-11
Bruce Joseph,81555029,M,On the Steps of the Throne,Normal,6.57,2025-07-14
Eileen Padilla,91206293,F,Taking His Chance,3D,12.78,2025-08-25
Judith Glass,39997039,F,Novillada de beneficencia en Zaragoza,3D,13.0,2025-10-07
Sarah Thomas,59657611,F,The Chocolate Soldier,3D,12.52,2026-02-22
Andrew Dixon,90718452,M,A Lady of Quality,3D,12.49,2026-03-01
Tyler Lawson,97370230,M,Behind the Scenes,3D,10.12,2025-08-03
Mary Richardson,39315579,F,Ansigttyven II,Normal,6.4,2025-08-26
David Howe,49482245,M,Where the Trail Divides,3D,10.5,2025-10-17
Edgar Black,34718027,M,A Study in Scarlet,3D,12.72,2025-11-05
Tina Sparks,68260679,F,La Belle Russe,3D,10.84,2026-03-28
Mike Zamora,86724765,M,Maskierte Liebe,3D,10.31,2025-06-29
Jennifer Hodge,19601207,F,The Beachcomber,3D,13.01,2026-03-17
Christopher Hatfield,96738826,M,The Closing Net,3D,13.34,2025-10-09
Meagan Nelson,54533309,F,The Win(k)some Widow,3D,13.64,2025-09-28
Melanie Lopez,44487787,F,"Price of Treachery; Or, The Lighthouse Keeper's Daughter",3D,10.61,2025-08-12
Dale Mullins,46563806,M,The Buzzard's Shadow,Normal,6.48,2026-04-13
Kevin Williams,89670043,M,The Trail of the Lonesome Pine,Normal,6.81,2025-11-28
Daniel Espinoza,28077975,M,His Brother's Wife,Normal,8.21,2025-10-06
Tina Robinson,92290980,F,The Adventures of Lieutenant Petrosino,Normal,7.74,2025-12-19
Bradley Wagner,59114648,M,La malquerida,3D,13.51,2026-04-09
Mary Gonzales,94007413,F,Die Landstraße,Normal,7.72,2025-08-29
John Robbins,53756905,M,The Life and Death of King Richard III,Normal,6.91,2025-07-23
Regina Mullins,72001022,F,Martin Eden,Normal,8.16,2025-10-04
Bonnie Velazquez,42763272,F,The Girl of the Sunny South,3D,11.32,2026-03-21
Tiffany Armstrong MD,19599621,F,The Might of Gold,3D,10.66,2026-03-14
Jerry Smith,94047744,M,Nell of the Circus,3D,10.75,2026-02-12
Denise Calhoun,60633112,F,Captain Swift,Normal,6.37,2026-03-19
Maureen Miller,24549134,F,In the Stretch,3D,10.43,2025-10-26
Matthew Vasquez,21414934,M,The District Attorney,3D,13.22,2026-02-15
Ruth Greer,89699346,F,In the Land of the Head Hunters,3D,13.63,2026-03-09
Terry Young,62474323,M,Buckshot John,Normal,6.34,2025-09-02
Christine Compton,92525109,F,The Lotus Dancer,Normal,6.38,2026-04-12
Aaron Garcia,22384429,M,Ungarische Rhapsodie,3D,10.62,2025-07-30
Melissa Smith,62713490,F,Northern Lights,3D,11.52,2025-12-30
Laura Vasquez,96159237,F,Evangeline,Normal,6.88,2025-09-05
James Brennan,38077711,M,Smith's Knockabout Theatre,3D,11.81,2026-03-24
Douglas Fox,59459662,M,Atlantis,3D,10.9,2026-01-17
Carolyn Allen,45004679,F,Cabiria,3D,13.83,2025-09-17
Samuel Macdonald,42360516,M,John Barleycorn,3D,13.98,2026-03-15
Donna Cross,44765055,F,The Four Poster Pest,3D,11.57,2025-10-26
Jessica Rocha,30882148,F,Pagan Rome,3D,10.09,2026-03-30
Jessica Hernandez,31919282,F,Down with Weapons,Normal,7.01,2025-05-31
Nancy Richards,23516537,F,Cameo Kirby,Normal,8.89,2025-05-06
Krista Diaz,80521882,F,Lucille Love: The Girl of Mystery,3D,11.51,2025-08-15
Laura Avila,83637679,F,The Mail Order Wife,Normal,6.77,2025-10-24
Rachel Hart,45461597,F,Salome Mad,Normal,6.19,2025-10-16
Adrienne Jones,90301102,F,La deuda del pasado,3D,12.51,2026-02-25
Adam Jones,65784638,M,Comrade John,3D,11.22,2026-01-29
Kyle Oconnell,61127993,M,The Great Leap: Until Death Do Us Part,Normal,7.1,2025-10-17
Cody Swanson,43077027,M,Comrade John,3D,13.87,2025-05-30
Louis Barnett,56707706,M,A Cultura do Cacau,Normal,8.75,2025-09-03
Matthew Kaiser,54579077,M,Cap'n Eri,Normal,7.71,2026-03-14
Darren Campbell,14305311,M,Colonel Carter of Cartersville,Normal,7.34,2026-01-10
Whitney Morris,37889626,F,The Barnstormers,Normal,8.4,2026-05-06
Mary Gallegos,82846282,F,Buckshot John,Normal,6.68,2026-04-06
Laurie Greer,12391954,F,Children of the Ghetto,3D,11.13,2026-02-13
Troy Sharp,43355400,M,The Doubt,Normal,8.69,2025-08-11
Mark Robbins,58190593,M,Dolken,3D,10.1,2025-09-18
Jacob Nolan,80757329,M,The Truth Wagon,3D,12.31,2026-04-13
Christine Williams,37706260,F,The Coward,Normal,7.0,2025-05-30
Chris Wilcox,96711434,M,The Lust for Gold,Normal,7.69,2026-02-23
Ivan Whitehead,54795166,M,Charles IV,Normal,7.5,2026-03-24
Erica Cole,33692333,F,Fantomas: The Mysterious Finger Print,Normal,6.93,2025-09-28
Jessica Martinez,88443670,F,The Ring and the Man,3D,10.88,2026-04-29
Jennifer Howard,25176092,F,La echadora de cartas,3D,10.78,2026-04-06
Eric Charles,40067351,M,A Factory Magdalen,Normal,8.14,2026-04-04
Bonnie Brown,46193938,F,The Black Diamond,3D,13.66,2025-12-10
Roberto Jackson,29903813,M,The Invisible Power,3D,13.99,2026-05-06
John Moore,37361521,M,Niños en la alameda,Normal,6.61,2026-03-22
Monique Brewer,56431918,F,Captain Courtesy,Normal,8.53,2026-01-24
Sarah Sutton,27871326,F,Man of the Hour,Normal,8.66,2026-02-09
Ana Hutchinson,64226096,F,Carmen,3D,10.85,2025-06-05
Jessica Wilson,54471650,F,Sealed Orders,Normal,7.99,2026-05-02
Ralph Lee,44650792,M,Zona olivarera,3D,11.95,2026-01-26
John Paul,56165690,M,El Caín moderno,3D,11.38,2025-12-04
Regina Young,78494958,F,The Education of Mr. Pipp,3D,10.42,2026-01-21
Miranda Edwards,74998226,F,Jess of the Mountain Country,Normal,8.24,2025-11-11
Susan Ortega,10823311,F,A Gentleman from Mississippi,Normal,7.26,2026-03-12
James Ruiz,90239196,M,Michael Strogoff,Normal,8.4,2026-04-13
Anna Gomez,78624586,F,Rose of the Alley,Normal,7.08,2026-03-17
Destiny Russell,90919800,F,A Million Bid,3D,12.31,2025-09-03
John Gonzalez,34001138,M,Love Never Dies,3D,12.6,2026-02-12
Kelly Vaughn,35859751,F,A Child of the Prairie,3D,11.63,2025-08-01
Thomas Terrell,72555215,M,Dodge City Trail,Normal,7.2,2025-07-14
Amanda Peters,58264829,F,Cap'n Eri,Normal,7.1,2025-09-18
Tyler Nunez,58130226,M,La vida en el campamento,3D,11.56,2025-07-01
Kimberly Bates,49878095,F,The Straight Road,Normal,8.57,2025-12-10
Stephen Morrison,52789920,M,Bánk bán,Normal,6.39,2025-09-05
Dominique Winters,50780007,F,Saved in Mid-Air,Normal,8.76,2026-04-20
Beth Powers,70299527,F,Le dernier pardon,Normal,7.59,2026-04-27
Shawn Ayala,49948787,M,Nell of the Circus,3D,13.87,2025-06-26
Gregory Ray,14715881,M,Melilla y el Gurugu,Normal,6.95,2025-08-13
Dennis Clark,47743243,M,Die Sumpfblume,Normal,8.57,2026-01-24
Gerald Velazquez,72515884,M,War Is Hell,Normal,6.03,2025-12-09
Victoria Brown,20466545,F,The Diamond Robbery,3D,11.62,2026-04-14
Adam Morrow,14131545,M,The House of Bondage,Normal,6.67,2025-11-18
Mr. Jeffrey Copeland,54682982,M,Fatum,3D,10.18,2025-12-18
Karen Webb,15353775,F,The Butterfly,3D,11.74,2025-10-23
Kara Sampson,90449010,F,Black Fear,Normal,7.23,2025-06-15
Jorge Wilson,58108006,M,Gatans barn,3D,11.35,2026-03-17
Elizabeth Nguyen,95874049,F,In the Bishop's Carriage,Normal,8.52,2026-04-10
Mia Gonzales,47996473,F,On the Belgian Battlefield,Normal,6.61,2025-11-05
Gabriel Smith,81016715,M,Madero al sur del país,Normal,7.16,2026-01-23
Ryan Smith,31295312,M,Fiestas en Palafrugell,Normal,8.21,2025-09-15
Nicholas Ward,58344023,M,Marta of the Lowlands,3D,11.12,2025-06-08
Andrea Dorsey,79739929,F,Tragic Night,Normal,8.41,2025-05-10
Cassandra Acosta,54080231,F,Oliver Twist,Normal,8.68,2025-05-10
Beverly Castillo,16906692,F,La festa del Blat,3D,12.83,2026-03-14
Maria Chen,37142331,F,La vida en el campamento,3D,10.02,2025-06-22
Susan Bradford,88297482,F,The Four Poster Pest,Normal,7.51,2026-03-13
Stephen Rodriguez,24309858,M,The Better Man,3D,13.6,2025-09-10
Richard Miller,73677728,M,Facing the Gattling Guns,Normal,8.81,2025-08-09
Tiffany Kirby,74972127,F,La festa del Blat,Normal,8.11,2025-08-21
Wendy Thompson,15003171,F,Are They Born or Made?,Normal,6.65,2026-01-26
Alyssa Cook,90803454,F,Children of Eve,Normal,7.62,2025-12-24
Richard Davis,79393026,M,Should a Woman Divorce?,3D,13.18,2025-10-19
Steven Thomas,13487423,M,The Great Leap: Until Death Do Us Part,Normal,8.82,2026-01-06
Douglas Webster,29184441,M,Die große Sünderin,3D,10.67,2025-07-21
Joshua Cruz,80264724,M,Toma del Gurugu,Normal,8.53,2025-12-24
Tracy Smith,90898364,F,The Mystery of a Hansom Cab,Normal,8.16,2025-08-18
Mary Martin,47129065,F,Lucha por la herencia,3D,12.15,2025-12-25
Heather Hernandez,12065115,F,The Apaches of Paris,3D,12.73,2025-06-26
Megan Hernandez,98299695,F,Should a Woman Divorce?,Normal,8.67,2025-09-04
Kyle Kelley,93524248,M,The Castle of Thornfield,Normal,6.31,2025-11-21
Miss Alexis Tanner MD,28631886,F,Orientalsk dans,3D,10.69,2025-06-24
Briana Baker,38102677,F,La chavala,3D,11.79,2025-06-21
Scott Wood,50358698,M,Who Will Marry Mary?,Normal,6.37,2026-02-25
Megan Benson,63038288,F,Die Tangokönigin,3D,13.44,2026-04-16
Laura Perkins,63807094,F,Rose of the Rancho,Normal,7.81,2026-03-01
Tiffany Mclaughlin,32049754,F,The Darkening Trail,3D,13.2,2026-04-01
Laurie Rivas,37637950,F,Sherlock Holmes VI,3D,12.01,2025-11-29
Rhonda Turner,58755304,F,The Arab,Normal,6.71,2026-01-20
Amber Bentley,36484678,F,The Life of Moses,3D,10.77,2026-01-19
Michael Hicks,61007634,M,Carmen,Normal,8.05,2026-04-20
Chris Gomez,68138556,M,A Florida Enchantment,3D,11.48,2025-07-21
Matthew Rodriguez MD,49242373,M,Colorado,Normal,7.17,2025-10-22
Julie Harris,13015119,F,Marocco en het Vreemdelingenlegioen,3D,11.7,2026-01-25
Mr. Timothy Hamilton DDS,59112216,M,The Banker's Daughter,Normal,8.03,2025-05-07
Dr. Christian Haynes,70436027,M,The Absentee,Normal,7.51,2025-12-08
Felicia Fuentes,59063001,F,Where the Trail Divides,3D,12.74,2026-03-20
Michael Morales,88311001,M,The Cheat,Normal,6.22,2025-10-04
Michael Weber,30861473,M,The Crime and the Criminal,Normal,6.73,2026-04-26
Christine Brown,67528723,F,The Scales of Justice,3D,11.02,2026-04-02
John Rogers,68515176,M,The Butterfly,Normal,6.05,2025-11-25
Mary Jones,69802792,F,Den kulørte slavehandler,Normal,7.58,2026-01-07
Ashley Miller,16764081,F,The Fatal Night,3D,13.62,2025-06-10
Jeremy Savage,97364692,M,Comrade John,3D,13.15,2025-05-11
Melissa Taylor,82617711,F,Assunta Spina,3D,14.0,2026-02-23
Joshua Wilson,78160770,M,Anna Karenina,Normal,8.71,2026-03-11
Kristin Patterson,52993549,F,La secta de los misteriosos,3D,13.76,2026-04-10
Megan Jones,47340350,F,The Governor's Ghost,Normal,8.67,2026-05-04
Kevin Jones,53244865,M,The Virgin of the Rocks,Normal,8.3,2026-02-28
Christian Wiley,20853398,M,The Prodigal Son,3D,11.92,2025-08-20
Nancy Stein,46819708,F,La echadora de cartas,3D,11.21,2025-08-13
Taylor Robinson,85315929,F,The Span of Life,3D,12.92,2025-10-31
Michael Gilbert,35339529,M,Der Eid des Stephan Huller,3D,10.02,2025-11-23
Anna Rodriguez,89733969,F,Hamlet,3D,11.02,2025-12-06
Timothy Avery,22158133,M,Without Hope,3D,12.08,2025-10-11
Kevin Peters MD,90118009,M,Dolken,Normal,6.08,2025-09-21
Sharon Ward,21971310,F,Apuntes de la fiesta de la flor,3D,10.97,2026-01-29
Patrick Wagner,26735524,M,The Key to Yesterday,Normal,6.49,2025-12-17
Kevin Johnson,91106984,M,The Cowboy and the Lady,3D,12.52,2025-05-21
Jeremy Baldwin,17722007,M,The Toll of Mammon,Normal,6.38,2026-02-08
Lindsay Elliott,41651028,F,A Dança dos Apaches,3D,10.48,2025-11-28
Sandra Coleman,75251178,F,The Crown Prince's Double,3D,11.18,2025-10-28
Kenneth Preston,10333638,M,Noche de sangre,Normal,8.94,2026-01-16
Hector Mccarthy,33256659,M,A Child of the Prairie,3D,12.74,2026-04-19
Kathryn Cortez,83808772,F,La luz que vuelve,3D,13.86,2025-07-06
Brian Harper,30977861,M,Homenaje a Lanuza,3D,13.23,2026-03-10
Michael Brown,36713881,M,Los muertos hablan,Normal,7.17,2025-08-06
Kimberly Thomas,38543212,F,As Ye Sow,3D,11.83,2026-01-22
Lisa Smith,20432852,F,The Naked Truth,Normal,6.59,2025-10-25
Stephanie Chen,71312273,F,The Merchant of Venice,Normal,6.1,2025-06-01
William Ortiz,67396304,M,The Million Dollar Robbery,Normal,8.86,2026-03-22
Taylor Alvarado,84760087,F,The Escape,3D,12.29,2025-12-27
Elizabeth Strickland,16925944,F,Paul J. Rainey's African Hunt,Normal,7.1,2025-08-16
Joe Collins,44569803,M,The Mighty Dollar,3D,13.72,2025-10-29
Miranda George,93543858,F,Over Niagara Falls,3D,12.89,2026-04-05
Rebecca Schmitt,97767757,F,Beneath the Czar,3D,10.76,2025-06-01
Nicole Hill,54855153,F,After the Ball,3D,12.73,2025-08-28
Mike Lewis,32438453,M,A Princess of Bagdad,3D,13.43,2025-08-17
Joseph Green,19534965,M,The Diamond from the Sky,3D,10.77,2025-05-28
Brandon Hensley,52702167,M,The Tangle,3D,13.12,2025-05-12
Joyce Ellis,30300277,F,Verkannt,3D,11.15,2026-05-04
Nancy Wallace,67158409,F,'Neath Austral Skies,Normal,6.17,2026-01-10
Maurice Page,93750761,M,The Birthmark,3D,13.54,2026-01-20
Holly Weber,58109374,F,The Road to Ruin,Normal,8.54,2025-07-11
Jeremiah Huynh,86182563,M,The Vulture of Gold,3D,13.78,2026-02-20
Mark Sanders,10699009,M,Don Quijote,Normal,6.98,2025-09-02
Zachary Green,67031139,M,Sport Hípico,Normal,8.35,2025-06-20
Megan Mclaughlin,26687084,F,Grannie,Normal,8.88,2026-04-03
Calvin Tran,80438530,M,The Poison Needle,Normal,8.03,2025-08-26
Elizabeth Fisher,50682351,F,The Detective Queen,3D,10.5,2025-09-15
James Robbins,62618822,M,Passionels Tagebuch,3D,11.33,2025-09-25
Matthew Thomas,36553496,M,Prisoner of the Night,Normal,6.39,2025-11-19
Angela Davis,83403190,F,The Banker's Daughter,3D,10.51,2026-05-03
Kim Kennedy,89054348,F,The Coming Power,Normal,7.71,2025-12-24
Jessica Hooper,91758866,F,Un día en Xochimilco,Normal,8.93,2026-04-19
Antonio Alvarado,36507414,M,The Corbett-Fitzsimmons Fight,3D,10.14,2026-03-15
Erika Wells,14149604,F,A Child of the Prairie,3D,11.42,2025-06-02
Bryce Norris,64096337,M,The Eagle's Mate,Normal,6.26,2026-04-22
Hannah Sanders,41034108,F,The Woman in Black,3D,10.2,2026-05-06
Valerie Clark,40779826,F,Maskierte Liebe,3D,12.14,2025-12-20
Ivan Vasquez,48511477,M,Macbeth,Normal,8.53,2026-02-20
Samantha Greer,32054656,F,Half Breed,3D,11.89,2026-04-30
Sarah Moore,73421098,F,A Woman's Triumph,3D,12.67,2025-12-07
Timothy Thomas,62905435,M,The Better Woman,Normal,8.45,2026-04-05
Courtney Paul,12038918,F,Over Niagara Falls,3D,10.53,2026-01-27
Michael Cross,94728647,M,Die Tangokönigin,3D,11.96,2025-08-31
Ian Gray,54382355,M,La primera y segunda casetas,3D,10.1,2025-09-25
Joshua Wood,84349159,M,Marta of the Lowlands,Normal,8.25,2025-07-13
Melissa Allen,86871741,F,La conspiration des drapeaux,Normal,6.08,2025-12-08
Paula Keller,20701082,F,The Burglar and the Lady,Normal,6.46,2026-02-21
Mrs. Connie Bailey,88632329,F,Cameo Kirby,Normal,8.4,2025-05-15
Jacob Maldonado,27678915,M,Volunteer Organist,3D,13.79,2025-07-02
Ronald Kane,30216548,M,The Little Gray Lady,Normal,8.54,2025-11-19
Sarah Garcia,69621499,F,Un portero modelo,Normal,7.51,2025-12-16
Gregory Peters,16032245,M,Fiestas de Santa Lucía - Belenes,3D,10.48,2025-06-21
Walter Gomez,32932067,M,Fantomas: The Man in Black,3D,10.66,2025-08-29
Derrick Sanchez,70134755,M,Herod,3D,10.44,2026-04-19
Randall Ellis,79001354,M,Through Fire and Air,Normal,6.95,2026-04-16
Lonnie Powell,13635401,M,Maskierte Liebe,3D,11.33,2026-01-04
Sharon Duncan,23729239,F,The Devil,Normal,8.12,2025-09-19
Vanessa Mack,86747410,F,La primera y segunda casetas,3D,11.64,2026-04-03
Lindsay Schneider,92167406,F,Don Quixote,Normal,8.86,2026-03-30
Corey Phillips,40797129,M,Tess of the D'Urbervilles,Normal,6.45,2026-02-17
Thomas Maldonado,85386434,M,The Carpet from Bagdad,Normal,8.28,2025-06-29
Gregory Christian,77886250,M,Aloha Oe,3D,11.58,2025-08-11
Connie Thomas,46379403,F,My Husband's Getting Married,3D,13.4,2025-09-29
Hunter Brown,29341624,M,Thais,Normal,6.78,2026-03-24
James Collier,78207935,M,Volunteer Organist,Normal,8.89,2025-05-22
Meagan Young,62341879,F,Mother Love,3D,11.36,2026-01-15
Ronald Fletcher,76068979,M,El crimen del otro,3D,11.25,2025-11-24
Dawn Simon,31332212,F,Valdemar Sejr,Normal,7.61,2025-08-18
William Schultz,44374766,M,The Avalanche,Normal,7.18,2025-06-06
Donna Holt,54193003,F,Mala raza,Normal,8.2,2025-09-10
Diana Simpson,25086593,F,La fuerza del mal,Normal,8.81,2026-04-26
Edward Blair,16721580,M,Tragic Night,3D,10.63,2025-05-15
Joseph Cox,56630835,M,Vicio y virtud,Normal,6.78,2025-06-24
George Perez,21435523,M,A Romance of the Mexican Revolution,Normal,8.99,2025-08-06
Timothy Oconnell,57182384,M,The Wrath of the Gods,3D,10.37,2025-11-27
Jonathan Mcpherson,84733140,M,War Is Hell,Normal,7.95,2026-01-09
Andrew Atkins,67849676,M,Jane Eyre,Normal,8.77,2026-03-27
Katherine Smith,82839469,F,Conscience,Normal,7.06,2025-07-07
Don Smith,66897283,M,Los cabellos blancos,3D,10.38,2025-10-06
Clayton Gutierrez,64871316,M,0-18 or A Message from the Sky,3D,12.58,2026-02-07
George Love,53243069,M,De Garraf a Barcelona,3D,10.97,2025-11-24
Jason Booth,93609570,M,Business Is Business,3D,13.59,2025-09-11
Jessica Martinez,86860666,F,Even Unto Death,Normal,7.02,2025-06-13
William Acevedo,26312903,M,Queen Elizabeth,3D,13.09,2025-06-28
Shawn Freeman,94718552,M,Zu spät,Normal,8.81,2025-11-21
Kendra Rush,82298100,F,The Count of Monte Cristo,3D,11.96,2026-03-27
Debra Campbell,42551154,F,Rosalinda,Normal,8.56,2026-02-03
Patricia Henry,66161593,F,Die Eisbraut,Normal,8.47,2026-02-25
Jesse Allen,74290570,M,The Tide of Death,Normal,6.13,2025-07-01
Mary King,25915235,F,La gitanilla,Normal,6.95,2025-12-07
Mark Campbell,97720819,M,Cleopatra,3D,13.44,2026-03-01
Joseph Barker,52235500,M,The Spy,3D,11.05,2026-04-29
Dustin Turner,17161347,M,After Dark,Normal,7.06,2026-03-28
Timothy Franco,58032756,M,The Spirit of the Poppy,Normal,6.11,2025-11-02
Laura Parks,97283043,F,Sein eigner Mörder,3D,12.45,2026-01-28
Christopher Williams,48784581,M,Salome Mad,3D,12.88,2026-02-11
Gary Torres,10154280,M,The Secret of the Mountain,Normal,7.75,2025-08-02
David Evans,67283229,M,Los cabellos blancos,3D,10.33,2026-03-23
Janet Palmer,33875431,F,Camille,3D,10.92,2026-04-28
Mr. Kevin Haney,89345131,M,Without Hope,3D,11.25,2025-07-14
Lisa Rodgers,79484428,F,The Black Chancellor,3D,12.4,2025-09-05
Thomas Baxter,30193824,M,The Convict Hero,Normal,8.83,2026-03-10
Andrew Williams,51145925,M,Den sorte drøm,Normal,6.77,2026-01-15
Deanna Benson,14809184,F,"The Life of Big Tim Sullivan; or, from Newsboy to Senator",3D,11.62,2025-10-25
Diana Long,31401442,F,The Battle of Gettysburg,3D,11.04,2025-05-21
Tyler Rodriguez,63800226,M,Quo Vadis?,Normal,6.69,2025-08-24
Christina Roberts,67364769,F,Zigomar contre Nick Carter,Normal,6.93,2026-02-14
Ian Fields,19712139,M,The Fatal Night,Normal,8.55,2026-02-10
Carol Williams,62159025,F,The Cub,Normal,7.99,2025-07-14
Ashley Lopez,38924593,F,Die Landstraße,Normal,7.07,2025-05-19
Karen Baxter,13229701,F,Corrida de toros en Calatayud,3D,13.83,2025-07-15
Richard Barker,49738684,M,Kapergasten,Normal,7.14,2025-12-26
Vanessa Huffman,65321964,F,Salomy Jane,3D,13.0,2026-04-28
Janet Wells,39112660,F,Carmen,Normal,7.52,2025-11-14
Nicole Waller,55588883,F,When Broadway Was a Trail,Normal,8.71,2025-11-08
Pamela Hernandez,17793945,F,"How Fine, How Fresh the Roses Were",3D,12.57,2026-03-04
Mr. Aaron Sosa,49200863,M,In the Land of the Head Hunters,Normal,6.28,2025-08-10
Kaitlyn Carpenter,79092669,F,Salomy Jane,Normal,8.21,2025-09-25
Nicole Nielsen,48516782,F,Colonel Carter of Cartersville,Normal,6.57,2025-10-06
Wesley Thomas,53629259,M,The Unwelcome Mrs. Hatch,Normal,6.66,2026-04-03
Jacqueline Smith,39294841,F,With General Pancho Villa in Mexico,3D,12.2,2025-08-10
Sheryl Cruz MD,88545250,F,Fiestas del Coso Blanco en Tarragona,Normal,7.86,2026-01-25
April Gross,59130562,F,Life in a Western Penitentiary,3D,13.05,2026-03-11
Patricia Dunn,79844694,F,The Opened Shutters,Normal,6.07,2026-02-18
Derrick Anderson,85454545,M,Die große Sünderin,Normal,8.47,2025-06-11
Crystal Fuentes,33001950,F,The Crime and the Criminal,Normal,8.81,2025-06-16
Eric Davis,39486477,M,The Christian,Normal,6.9,2026-04-23
Kelli Hernandez,73922455,F,La secta de los misteriosos,3D,10.26,2025-08-04
Yesenia Clark,89707701,F,The Greyhound,3D,12.46,2026-01-20
Alyssa Hurley,54459421,F,The Greyhound,Normal,7.86,2026-04-10
Stephanie Bruce,93790661,F,Saved in Mid-Air,Normal,6.08,2025-08-28
Jason Gordon,79738903,M,La fuerza del mal,3D,12.6,2025-06-27
Sally Maxwell,10703471,F,The Brand,3D,13.94,2025-05-06
Carol Garcia,51336702,F,Such a Little Queen,Normal,6.57,2025-10-28
Danielle Flores,87801565,F,American Game Trails,Normal,8.13,2025-10-01
Alexander Torres,63792076,M,Livets konflikter,Normal,6.03,2026-04-29
Charles Hernandez,28992263,M,Judith of Bethulia,3D,11.91,2025-07-21
Kathryn Ball,94052057,F,Under the Black Robe,Normal,8.9,2026-01-12
Christopher Cooper,85470719,M,The Lion and the Mouse,Normal,8.44,2025-11-27
Erica Gibson,80077032,F,Judge Not,3D,11.67,2025-06-05
Mrs. Bonnie Moore,79107638,F,Calatayud en fiestas,3D,13.38,2025-05-17
Melissa Robinson,62698598,F,A Florida Enchantment,3D,11.19,2025-06-28
Dustin West,99136893,M,Leiria,3D,10.5,2025-08-08
Jason Rodriguez,22702971,M,Michael Strogoff,Normal,7.55,2025-08-12
Diane Alvarez,26404661,F,Hamlet,3D,13.04,2025-08-04
Eric Bray,97554685,M,The Commanding Officer,3D,10.05,2025-05-11
Eugene Watson,76671969,M,The Battle and Fall of Przemysl,3D,13.9,2026-02-01
Monica Lopez,15368045,F,Cuentos baturros,Normal,7.66,2026-04-08
James Anderson,81768818,M,A Cultura do Cacau,Normal,6.63,2025-08-12
Julie Carr,41278281,F,Il y a des pieds au plafond,Normal,8.14,2025-07-05
Caitlin Harrington,79377363,F,The Yellow Traffic,3D,10.4,2026-03-04
Cole Austin,58949973,M,East Lynne,Normal,6.92,2026-01-21
Regina Yang,31202454,F,Wildflower,Normal,8.96,2025-08-01
David Phelps,31171677,M,"10,000 Dollars",3D,12.0,2025-07-03
Anthony Smith,44008780,M,'Neath Austral Skies,3D,12.26,2025-07-02
Kimberly Hernandez,91230458,F,Valdemar Sejr,Normal,6.22,2025-08-10
Bryan Hunter,90359193,M,L'infirmière,3D,12.35,2026-03-29
John Clarke,13592478,M,Ungarische Rhapsodie,Normal,7.13,2026-03-01
Thomas Farmer,64888120,M,The Cub,Normal,8.22,2026-02-03
Audrey Deleon,79590608,F,Aloha Oe,3D,13.36,2025-09-05
Joseph Collier,30739697,M,A Gentleman from Mississippi,Normal,6.61,2025-10-28
Cameron Aguilar,16422526,M,Miraklet: Tavlor ur det katolska samfundslivet,3D,10.81,2026-01-31
Patricia Porter,56693543,F,The Man on the Box,3D,11.94,2026-01-25
Michelle Fernandez,36898307,F,The Idol of Paris,3D,12.89,2025-10-28
Katherine Reid,34344753,F,Fire and Sword,Normal,6.44,2025-08-29
Brad Zimmerman,67890800,M,The Line-Up at Police Headquarters,3D,13.62,2025-09-01
Kenneth Jones,12474773,M,Taking His Chance,3D,13.04,2025-12-23
John Carter,80090498,M,Where the Trail Divides,Normal,8.72,2026-02-07
Nicholas Green,77502698,M,The Danger Signal,3D,13.7,2025-09-06
Paul Odonnell,51103421,M,Captivating Mary Carstairs,3D,10.88,2025-05-10
Maureen Peters,68365678,F,Gøngehøvdingen,Normal,7.24,2025-11-28
Brett Christian,41572964,M,The Brink,Normal,8.32,2026-02-16
Joseph Potts,93502602,M,The Story of the Kelly Gang,Normal,8.5,2025-07-07
Ryan Patel,67242317,M,Beneath the Czar,Normal,6.28,2026-02-19
John Horn,14433379,M,Skottet,3D,12.51,2026-01-02
Kelly Mcdonald DDS,14262026,F,A Boy and the Law,3D,10.45,2025-10-04
Elizabeth Brown,67616912,F,My Official Wife,Normal,8.25,2025-11-07
Joshua Velez,81856458,M,I kammerherrens klæder,3D,11.95,2025-09-02
Amanda Parker,47651732,F,The Borrowed Babies,3D,12.06,2025-12-19
Andrea Sosa,33078702,F,The Ashes of Revenge,3D,12.8,2026-01-09
Holly Schmidt,18938303,F,After Dark,3D,13.24,2025-12-11
Amy Brooks,28806341,F,Miraklet: Tavlor ur det katolska samfundslivet,3D,10.41,2026-04-22
Jason Young,87072622,M,The Despoiler,3D,12.2,2025-09-10
Sarah Bryant,15100625,F,The Unwelcome Mrs. Hatch,Normal,8.93,2026-03-15
Shari Singleton,59299486,F,Oliver Twist,Normal,8.64,2025-08-05
Jasmin Cunningham,41212763,F,Ten Nights in a Barroom,Normal,6.25,2025-05-22
Tina Hancock,39377227,F,The Red Flame of Passion,Normal,7.58,2026-03-29
Daniel Padilla,47703180,M,The Midnight Wedding,Normal,6.9,2025-09-24
David Jackson,34151543,M,"His Majesty, the Scarecrow of Oz",Normal,6.83,2026-03-10
Christopher Frazier,32110953,M,Hasard,3D,12.78,2025-10-26
Dana Rodriguez,95378644,F,The Red Inn,Normal,7.25,2026-03-10
James Bolton,30254075,M,The Legend of Provence,Normal,8.69,2026-01-14
Kathleen Singleton,83565696,F,El signo de la tribu,Normal,7.54,2025-09-28
Paul Serrano,16438820,M,The Barnstormers,3D,12.88,2026-03-24
Michael Cochran,36449024,M,The Little Jewess,Normal,7.56,2025-05-25
Drew Martinez,36866382,M,"Wolfe; or, the Conquest of Quebec",Normal,8.26,2025-09-23
Jonathan Cochran,86566078,M,La conspiration des drapeaux,3D,12.61,2025-12-24
Nicole Thomas,21106199,F,De Garraf a Barcelona,Normal,6.16,2025-07-28
Michele Kennedy,61740394,F,The Price He Paid,Normal,7.6,2025-10-25
Steven Lopez,37157195,M,La tierra de los naranjos,3D,11.32,2025-08-10
Anthony Morris,98393526,M,The Christian,Normal,6.81,2025-06-05
Raymond Watson,25878860,M,"His Majesty, the Scarecrow of Oz",Normal,7.36,2025-07-25
Vincent Evans,28523070,M,Barcelona bajo la nieve,3D,12.08,2025-11-20
Laura Holmes,65276667,F,The Silence of Dean Maitland,3D,10.95,2025-05-22
Carol Pittman,54889134,F,Officer 666,3D,13.0,2026-01-15
Sue Russell,15445221,F,The Secret of the Well,3D,12.82,2025-05-21
Isaac Rodriguez,27903182,M,Over Niagara Falls,3D,13.31,2025-11-09
Brandon Browning,82457446,M,Smashing the Vice Trust,3D,11.78,2025-07-07
Michele Hickman,84965667,F,La chavala,3D,10.83,2025-11-19
Robert Saunders,51126896,M,Miss Jerry,Normal,7.0,2025-07-13
Mr. Steven Delgado MD,12022407,M,One Hundred Years of Mormonism,3D,10.48,2025-09-24
Benjamin Ross MD,18600059,M,Orozquista Revolution,Normal,8.22,2025-08-09
Kaitlyn Johnson,98668107,F,The Prisoner of Zenda,Normal,6.55,2026-04-19
Misty Drake,99150835,F,A becsapott újságíró,Normal,7.58,2025-06-13
Barbara Dunn,77867941,F,Facing the Gattling Guns,3D,11.21,2025-06-28
April Davis,43737645,F,The Voice at the Telephone,Normal,7.97,2025-12-17
James Johnson,38173469,M,Zona olivarera,3D,10.7,2025-05-23
Dalton Smith,44873222,M,The Cotton King,3D,13.19,2025-09-19
Olivia Roberts,57404233,F,The Ragged Earl,3D,12.3,2026-02-09
Julie Morris,27033375,F,L'homme qui assassina,3D,10.87,2025-10-08
Amber Robbins,13833988,F,Aristocracy,3D,13.39,2025-10-25
Carl Ramirez,92826199,M,The Vampire Dancer,Normal,7.14,2026-04-25
Andrea Powell,76011055,F,Bánk bán,Normal,8.64,2025-09-26
Thomas Manning,14984282,M,Love Everlasting,3D,11.73,2025-11-08
Timothy Odonnell,85490114,M,'Round the World in 80 Days,Normal,7.17,2025-09-13
Joanna Mayer,38083758,F,The Man on the Box,Normal,7.37,2026-01-28
Oscar Garcia,42533523,M,With General Pancho Villa in Mexico,3D,13.91,2026-05-01
Eduardo Rodriguez,70647843,M,Evangeline,Normal,9.0,2025-09-08
Mario Caldwell,54106327,M,The Master Mind,Normal,8.71,2026-03-18
Roger Jenkins,76336645,M,Between Men,Normal,8.38,2026-04-11
Christopher Taylor,57445413,M,The Night Riders of Petersham,3D,11.78,2026-01-05
Daniel Short,21530999,M,A Child of God,Normal,6.71,2026-02-08
Paul Medina,66290598,M,Fantômas: In the Shadow of the Guillotine,Normal,6.57,2026-03-14
Kathleen Russo,87376787,F,The Indian Wars,Normal,8.8,2025-11-15
Jennifer Rodriguez,11710086,F,Excursión a San Lorenzo de Munt,3D,13.64,2025-10-16
Malik Farrell,50417309,M,Double Trouble,3D,12.59,2025-09-02
Danielle Arnold,60413806,F,The Birthmark,Normal,6.46,2025-05-12
Christopher Johnson,10075644,M,The Kangaroo,3D,11.93,2025-10-23
Julie Blevins,43548994,F,Don Juan de Serrallonga,3D,11.71,2025-12-21
Jeremy Adams,51271761,M,Beneath the Czar,Normal,8.23,2025-08-15
Wanda Robertson,35590267,F,The Spirit of the Poppy,Normal,7.21,2025-11-13
Michelle Powell,77148180,F,Double Trouble,3D,11.02,2026-01-29
Michelle Gutierrez,78334652,F,"Hamlet, Prince of Denmark",3D,12.56,2025-05-31
Laura Cole,20051882,F,The Convict Hero,3D,11.26,2025-05-12
Manuel Chambers,13420951,M,The Flying Circus,Normal,7.64,2025-05-17
Jill Stewart,75178002,F,The Carpet from Bagdad,Normal,8.1,2026-01-04
Mark Mills,71857948,M,Rosalinda,3D,13.09,2026-04-21
Abigail Gutierrez,10786302,F,Three Weeks,Normal,6.78,2026-01-18
Anthony Kennedy,86140617,M,El lobo de la sierra,3D,11.83,2026-04-06
Helen Booker,23416604,F,Protect Us,3D,13.41,2025-06-10
Joseph Brown,62649835,M,The Connecticut Yankee,Normal,8.32,2025-07-05
Amber Mcgee,25268844,F,The Mail Order Wife,3D,12.28,2026-03-22
Patricia Williams,26595943,F,The Black Heart,3D,11.94,2025-05-11
Kyle Ray,88755090,M,The Man on the Box,Normal,6.03,2025-10-13
Natalie Sullivan,48254443,F,Kleiner Svend und seine Mutter,3D,12.28,2025-10-28
Erin Kelly,49891823,F,The Life of Richard Wagner,Normal,6.65,2025-08-02
Kevin Wu,37145837,M,The Curious Conduct of Judge Legarde,3D,10.1,2026-01-30
Matthew Peters,69277865,M,Alexandra,3D,11.94,2026-01-09
Melissa Anderson,35366200,F,My Official Wife,Normal,8.81,2025-05-09
Katherine Hunter,88588929,F,The Cowardly Way,Normal,7.18,2025-06-16
Christopher Huynh,87941533,M,The Flying Circus,3D,11.01,2025-07-15
Kenneth Carter,14722494,M,The Spirit of the Poppy,Normal,7.17,2025-11-29
Patrick Cohen,60620063,M,A Celebrated Case,3D,11.16,2025-07-04
Joseph Herrera,55813003,M,La lucha contra el destino,Normal,6.22,2025-12-21
Victor Mullins,11318451,M,Catástrofe de Aguilón,3D,12.92,2025-11-03
Christina Pierce,96979529,F,Butter,Normal,7.81,2025-08-02
Samantha Lane,22221355,F,Loyalty,3D,12.62,2025-05-06
Alexander Foster,11995880,M,Fantômas: In the Shadow of the Guillotine,3D,12.12,2026-04-24
Bradley Hurst,80471748,M,The Murdoch Trial,3D,10.68,2026-01-01
Holly Hughes,50364391,F,The College Orphan,3D,12.87,2025-06-11
Alexander Miller,67672451,M,The Stranglers of Paris,3D,13.46,2025-08-06
Katherine Kelly,31810397,F,El signo de la tribu,3D,11.03,2025-06-10
Rebekah Briggs,12038088,F,Tess of the D'Urbervilles,3D,10.05,2026-01-30
Thomas Barker,70489244,M,Heilig recht,Normal,6.73,2025-11-12
Ryan Perez,73393489,M,The Curious Conduct of Judge Legarde,3D,10.24,2025-09-19
Timothy Johnson,91079469,M,The Shame of the Empire State,3D,10.19,2025-10-28
Jordan Thomas,94377345,M,The Wreck,Normal,6.94,2025-08-01
Jennifer Brown,13740233,F,The Volunteer Parson,3D,12.81,2025-06-16
Kelsey Hill,51125796,F,The Wrath of the Gods,3D,11.06,2025-08-20
Tyler Bell,97004374,M,Prueba trágica,Normal,6.53,2025-07-08
Bobby Jensen,34683515,M,Conscience,Normal,6.4,2025-06-17
David Foster,18298832,M,The Legend of Provence,3D,11.65,2026-01-26
Renee Johnson,16728806,F,"10,000 Dollars",3D,10.85,2025-07-30
Doris Cooper,97270032,F,Jarní sen starého mládence,Normal,8.48,2025-07-22
Krista Robinson,15378467,F,Too Late,Normal,8.45,2025-09-28
Toni Fitzgerald,60573917,F,The Human Bloodhound,Normal,7.92,2025-05-13
Ian Gonzalez,74881212,M,The Pursuit of the Phantom,Normal,6.91,2025-07-02
Janice Smith,97714812,F,Julius Caesar,Normal,7.31,2025-06-25
Melissa White,59236979,F,The Black Diamond,Normal,8.84,2026-03-11
Miranda Jacobs,81599430,F,Prisoner of the Night,3D,10.92,2025-12-28
Holly Bailey,47160490,F,The Borrowed Babies,Normal,7.17,2026-04-17
James Stewart,61408564,M,The Sign of the Cross,3D,11.52,2026-01-02
Jack Cox,39922783,M,In the Bishop's Carriage,3D,10.15,2025-11-08
Scott Jones,69060893,M,Sherlock Holmes VI,3D,11.21,2026-01-28
Sara Lee,68304322,F,Across America by Motor Car,Normal,7.75,2025-11-10
Stephen Hernandez,92233428,M,Colorado,3D,11.01,2025-11-13
Stephen Oliver,30304454,M,The Life of General Villa,Normal,8.34,2025-05-24
Michael Dunn,65960815,M,La mort du duc d'Enghien,Normal,7.75,2025-12-22
Diane Larson,17083097,F,The Fairylogue and Radio-Plays,Normal,6.87,2025-11-07
Christopher Todd,11005700,M,The Golem,Normal,8.08,2025-11-06
Peter Castro,34681066,M,Should a Woman Divorce?,3D,12.03,2026-04-10
Sarah Hall,66028858,F,Nell of the Circus,3D,13.91,2025-06-20
Karen Hale,95517463,F,Fantasma,3D,10.34,2025-07-12
Scott Barnes,95753665,M,Tillie's Punctured Romance,Normal,7.06,2025-05-15
Faith Christian,53247066,F,How the German General Signed a Pact with the Devil,Normal,8.05,2026-02-17
Jennifer Nelson,86809592,F,The Fortune Hunter,Normal,8.46,2025-11-13
Christopher Townsend,85498079,M,The Spoilers,3D,10.98,2026-05-02
Michael Ingram PhD,78043055,M,"The War of Wars; or, the Franco-German Invasion",3D,10.13,2026-04-29
Kirsten Hernandez,49484859,F,For Freedom of Cuba,Normal,6.42,2025-06-02
Tyler Potter,55052584,M,On the Belgian Battlefield,3D,10.32,2025-07-01
Eric Watkins,94443418,M,"Forgiven; or, the Jack of Diamonds",3D,10.2,2025-07-31
Justin Spears,85912821,M,El amor hace justicia,Normal,6.94,2026-03-15
Victor Mccormick,11495881,M,El calvario de un héroe,3D,12.41,2025-08-02
Clinton Morales,70382487,M,Alone in New York,3D,10.42,2025-10-08
Michael Jackson,80802405,M,The Ordeal,Normal,8.1,2026-03-20
Ryan Myers MD,64661422,M,Officer 666,Normal,8.45,2026-04-26
Scott Thomas,20508567,M,Officer 666,3D,11.02,2025-05-07
Steve Rose,49202550,M,El amor hace justicia,Normal,8.86,2025-08-05
Diana Gilmore,70263421,F,'Round the World in 80 Days,3D,11.18,2025-08-08
Heather Parker,31944792,F,The Corbett-Fitzsimmons Fight,3D,12.44,2026-02-11
Joel Shaw,99985048,M,The Golem,3D,11.29,2025-07-27
Christopher Pruitt,30390278,M,A Child of God,3D,12.62,2026-04-25
Gregory Poole,96499929,M,Wenn die Maske fällt,3D,13.0,2025-08-07
Eric Farmer,66612508,M,"A Fight for Freedom; or, Exiled to Siberia",3D,12.45,2025-06-11
Joseph Hall,67820722,M,Judith of Bethulia,Normal,6.29,2025-11-28
Brianna Delgado,72965673,F,I kammerherrens klæder,3D,13.8,2025-12-25
Andrew Gordon,20564795,M,A Black Sheep,3D,13.02,2025-06-13
Mr. John Jackson,89121717,M,The Conspiracy,Normal,8.11,2025-11-05
Gary Harris,82507669,M,"Home, Sweet Home",3D,13.19,2025-09-30
Lawrence Fernandez,37648480,M,Crooky,3D,11.16,2026-04-15
Tamara Foster,24553082,F,"Destiny: or, the Soul of a Woman",Normal,8.02,2025-05-23
Adam Martin,44697545,M,Novillada de beneficencia en Zaragoza,3D,10.32,2025-06-13
Anna Evans,66443275,F,El hijo del mar,3D,10.9,2025-12-28
Karen Martinez,49387273,F,The War Extra,Normal,7.49,2025-07-18
Cindy Maynard,32525083,F,Alone in New York,Normal,8.33,2026-03-22
David Mccarthy,81664043,M,Entre ruinas,3D,13.07,2026-04-23
John Jones,19884132,M,Judith,3D,10.67,2025-12-02
Mr. Ernest Santos,80746939,M,The Devil,Normal,6.17,2025-06-10
Shelly Mueller,78840064,F,Niños en la alameda,3D,11.56,2025-08-19
Casey Villa,74005076,M,Anna Karenina,3D,12.37,2025-12-13
Robert Clark,98458668,M,A Branded Soul,Normal,6.32,2025-08-16
Matthew Hall,43124830,M,Statistinnen des Lebens,3D,11.44,2026-01-01
Richard Vasquez,87127799,M,The Million Dollar Robbery,3D,12.89,2025-09-07
Dawn Gill,94306104,F,The Conspiracy,3D,13.96,2025-07-16
Cameron Robinson,62711798,M,Queen Elizabeth,Normal,8.13,2025-10-31
Barbara Livingston,34347600,F,Le camée,Normal,6.85,2025-11-12
Jason Wood,60396346,M,The Colonel's Son,3D,10.49,2025-07-01
Ashley Richards,86763908,F,Apuntes de la fiesta de la flor,3D,12.09,2025-05-06
Joseph Young,30526970,M,The Master Mind,Normal,7.77,2026-01-20
William Walker,45503069,M,The Fringe of War,3D,12.69,2025-11-01
Natasha Leach,53684388,F,"The War of Wars; or, the Franco-German Invasion",3D,11.51,2025-05-17
David Valencia,12157590,M,Entre ruinas,3D,13.56,2025-08-04
Carla Acevedo,72551743,F,Do Men Love Women?,3D,12.56,2026-03-01
Tina Clark,52355179,F,Rescue of the Stefansson Arctic Expedition,Normal,7.11,2026-01-03
Shannon Cruz,36828516,F,Homenaje a Lanuza,3D,10.74,2025-11-16
Chad Holmes,10431115,M,The Adventures of a Madcap,3D,10.61,2025-11-15
Brian White,37292722,M,The Man Who Disappeared,3D,11.39,2025-08-03
Austin Curtis,39003577,M,The Bridge of Sighs,3D,13.58,2025-06-06
Emily Rivera,49380205,F,Temblor de 1911 en México,Normal,6.73,2026-03-12
Kristina Hardy,37036734,F,The Adventures of a Madcap,3D,12.17,2026-03-10
Noah Decker,32501047,M,Coral,Normal,6.1,2026-01-21
Brittney Johnson,42713552,F,The Adventures of Andy Clark,3D,13.05,2026-01-12
Elizabeth Gibbs,46928227,F,The Thief,3D,10.65,2025-08-09
Kimberly Browning,95002351,F,Bianco contro negro,3D,13.56,2025-09-16
Joshua Davis,27322731,M,Lægens offer,Normal,6.48,2025-09-17
Jesus Oneill,65890043,M,Mother Love,3D,13.27,2025-12-23
David Sanders,83588003,M,El modelo de virtudes,Normal,8.64,2026-02-08
Margaret Collins,12328344,F,La chavala,Normal,6.21,2025-11-21
Patricia Walsh,60207762,F,The Scales of Justice,3D,12.51,2025-12-17
Jennifer Jacobs,18973876,F,The Student of Prague,3D,13.9,2025-09-01
Randy Wallace,73012692,M,The Man from the Golden West,3D,11.44,2026-04-30
Rhonda Price,29739143,F,The Adventures of a Madcap,3D,11.71,2025-07-06
Holly Holland,38634740,F,Mrs. Black Is Back,Normal,6.09,2025-05-18
Glenn Harrison,91132240,M,Count DeBesa's Mexican Pictures,Normal,8.83,2025-11-03
Wendy Powell,20745233,F,Madero al sur del país,3D,13.31,2026-01-03
Valerie Bennett,48799278,F,Revolução de 5 de Outubro,3D,12.47,2026-02-03
Denise Flynn,31763283,F,Nell Gwynne,3D,13.59,2025-12-25
Matthew Chapman,79754152,M,Judge Not,Normal,8.41,2025-07-09
Tonya Kemp,78217580,F,"The Life of Big Tim Sullivan; or, from Newsboy to Senator",3D,12.67,2025-06-06
Robert Fitzgerald,40503032,M,Zudora,3D,11.75,2025-10-20
Reginald Harvey,92457731,M,The Lipton Cup: Introducing Sir Thomas Lipton,Normal,8.5,2025-05-13
Lisa Williams MD,22859216,F,The Bigger Man,Normal,8.72,2026-04-10
Adam Smith,54399977,M,The Avenging Conscience: or 'Thou Shalt Not Kill',3D,12.75,2025-11-19
Samuel Hill,71397226,M,The Dictator,Normal,8.05,2025-05-18
Emily Roberts,17119032,F,Shore Acres,Normal,8.19,2025-08-18
Jackie Johnson,13082138,F,Eclipse de sol,Normal,7.33,2025-10-10
Angela Webb,61305639,F,Beulah,Normal,6.49,2025-11-13
Courtney Elliott,72471868,F,The Circular Staircase,3D,10.28,2026-03-13
Anthony Morrison IV,69406572,M,The Straight Road,Normal,7.65,2025-10-24
Christopher Cantu,38888583,M,The Crucible,Normal,6.31,2025-09-08
Tiffany York,77978401,F,The Life of General Villa,3D,10.61,2025-08-17
Randy Chang,33929361,M,Die große Sünderin,3D,12.38,2025-11-13
Julie Guerrero,80344983,F,Det blaa vidunder,Normal,8.53,2025-08-25
Keith Cox,14536194,M,"Home, Sweet Home",3D,13.7,2025-11-12
Christopher Boyd,99418252,M,The Miner's Curse,Normal,7.27,2025-05-13
Anthony Harmon,84130090,M,The House Next Door,3D,13.1,2026-04-22
Lauren Smith,74939308,F,Springtime,Normal,8.75,2025-11-19
Hector Cruz,60684097,M,The Walls of Jericho,3D,11.24,2025-05-15
Julia Hart,52542244,F,The Ghost Breaker,3D,10.3,2025-05-08
Elizabeth Ferrell,64012946,F,The Man from the Golden West,3D,10.14,2025-09-25
Tiffany Welch,31116208,F,"The Pendleton, Oregon, Round-Up",Normal,7.36,2026-03-28
Rebecca Miller,92475918,F,Bánk bán,Normal,8.23,2025-10-08
Patrick Porter,51637774,M,"Ireland, a Nation",Normal,6.97,2025-08-28
Sarah Gordon,69757960,F,Mute Witnesses,Normal,6.36,2025-10-15
Joseph Cohen,42410159,M,The Voice at the Telephone,Normal,8.47,2025-05-08
Samantha Smith,75490847,F,Carmen,Normal,8.19,2026-02-06
Lori Bean,84890469,F,Maskierte Liebe,3D,11.62,2026-05-02
Craig Whitney,56895699,M,Checkers,3D,11.75,2026-01-06
Kathleen Schultz,83696862,F,Badehotellet,3D,12.79,2026-04-29
Antonio Davis,56131205,M,The Man on the Box,3D,10.4,2026-01-24
Allison Holt,87470263,F,A Butterfly on the Wheel,Normal,8.52,2026-01-11
Rhonda Wallace,79538536,F,A Record Hustle Through Foggy London,3D,11.83,2026-01-14
Isabella Thompson,72933543,F,The Adventures of Lieutenant Petrosino,Normal,8.68,2025-12-19
Bryan Wilson,12358681,M,Captain Alvarez,Normal,7.07,2026-04-25
Linda Smith,92735693,F,Ansigttyven I,Normal,8.82,2025-06-27
Tiffany Miller,14331218,F,La malquerida,Normal,6.39,2026-02-09
Cody Fleming,21796070,M,The Adventures of Buffalo Bill,3D,10.29,2026-02-19
Patrick Smith,34901910,M,The Governor's Ghost,Normal,8.37,2025-08-31
Jay Jones,89628929,M,Richelieu,3D,11.72,2026-03-03
Donald Yu,59196312,M,Escaped from Siberia,Normal,8.27,2026-04-30
Bailey Taylor,79792966,F,The Spirit of the Conqueror,Normal,7.13,2025-07-15
John Nguyen,76132115,M,At Bay,Normal,7.69,2025-06-23
Kara Brown,37465289,F,The Ring and the Man,Normal,7.87,2025-10-09
Tyler Wyatt,36268933,M,The Chalice of Courage,Normal,6.52,2026-02-07
Stephanie White,66495812,F,La primera y segunda casetas,3D,12.59,2026-05-06
Eric Osborne,60237561,M,Coral,3D,10.95,2026-01-20
Sarah Camacho,78267048,F,El cuervo del campamento,3D,13.56,2025-12-18
William Roberts,82905530,M,Loyalty,Normal,8.84,2026-03-06
Regina Williams,72855487,F,Captain Swift,Normal,7.17,2025-05-24
Cody Delacruz,66374578,M,The Concealed Truth,3D,12.44,2025-12-08
Melissa Barnes,70809080,F,Don Juan de Serrallonga,Normal,8.6,2025-06-18
Alejandro Dixon,29653295,M,Viernes de dolores,3D,13.4,2025-09-26
Tanya Moore,60331613,F,"Romani, the Brigand",3D,12.56,2026-04-15
Jason Riley,38862273,M,David Harum,3D,10.96,2026-01-22
Matthew Williams,29207964,M,With Serb and Austrian,Normal,6.58,2025-06-30
David Mitchell,78322202,M,The Sparrow,3D,10.8,2025-09-01
Kristin Davis,68663371,F,Marocco en het Vreemdelingenlegioen,Normal,6.29,2025-11-15
Tammy Joyce,22429589,F,El sueño milagroso,3D,11.95,2025-09-22
Paige Roberts,84858949,F,The Closing Net,3D,10.86,2025-07-19
Christopher Bridges,11992307,M,A Sister to Carmen,Normal,7.06,2026-04-22
Jessica Williams,57105667,F,Leiria,3D,13.27,2025-09-13
Jasmine Stanley,48544917,F,The Mystery of the Poison Pool,3D,13.94,2025-08-17
Jeremy Richardson,17003305,M,The Battle of Ballots,Normal,6.12,2025-11-23
John Hernandez,72143694,M,Revolução de 5 de Outubro,3D,11.71,2025-10-02
Eric Williams,88466673,M,The Master Mind,3D,10.05,2025-11-17
Benjamin Hunt,36596368,M,The Spy,Normal,6.96,2026-03-25
Sandra Allen,49845934,F,The Tide of Death,Normal,8.69,2025-08-06
Jasmine Gomez,95223366,F,Jane Eyre,3D,11.58,2025-06-29
Scott Ware,91480727,M,Rainey's African Hunt,Normal,6.51,2025-07-06
Frank Lucas,97981026,M,Beby y su circo,Normal,6.3,2025-07-25
Kelly Ramirez,81548420,F,The Little Jewess,Normal,7.31,2025-09-07
Michael Kent,63502411,M,La dame de Monsoreau,Normal,6.72,2025-07-29
Kimberly Tyler,39546041,F,The Vampire Dancer,3D,12.67,2026-04-04
Audrey Becker,46866413,F,Amor de bestia,Normal,8.85,2026-01-16
Jeanette Hutchinson,24353829,F,Lola,3D,10.13,2025-09-10
Tonya Ewing,98017354,F,The Last Volunteer,Normal,8.97,2026-01-03
Dustin Rodriguez,87258375,M,The Line-Up at Police Headquarters,Normal,8.35,2025-12-14
Jacob Austin,21524086,M,El pobre Valbuena,Normal,8.18,2026-03-24
Corey Johnston,44615300,M,Tortures Within Prison Walls,3D,10.34,2025-08-08
Mrs. Debra Alexander,51467197,F,Love,Normal,6.97,2025-09-09
Scott Fernandez,48112896,M,El caballero Casarroja,3D,11.21,2026-02-18
Laura Davis,48890854,F,Mrs. Black Is Back,Normal,7.75,2025-11-04
Michael Williams,40947515,M,The Sign of the Cross,3D,12.51,2025-06-19
Kimberly Gonzalez,11673091,F,Ingeborg Holm,Normal,6.15,2026-03-29
Kristen Rowland,72928968,F,Cardinal Richelieu's Ward,3D,12.94,2026-02-07
Michele Nguyen,87297405,F,Sport and Travel in Central Africa,3D,12.4,2025-12-29
Jessica Johnson,42459645,F,The Better Man,Normal,7.33,2025-08-24
Karen Obrien,58791240,F,Bought,3D,10.44,2025-07-22
Donna Palmer,47802585,F,The Carpet from Bagdad,Normal,8.42,2026-01-05
Wayne Flores,97715209,M,The Sin of a Woman,Normal,7.79,2025-07-22
Carl Braun,54900500,M,Atop of the World in Motion,Normal,8.01,2026-02-22
Mark Wilson,73522262,M,The Adventures of Buffalo Bill,3D,13.6,2025-05-07
Steven Kramer,40581375,M,The Opened Shutters,3D,11.39,2026-02-07
Michael Rogers,75853751,M,Queen Elizabeth,3D,11.6,2025-06-20
Andrew Walton,15827742,M,Stormfågeln,Normal,8.94,2025-09-14
Tiffany Lawson,93997413,F,Alias Jimmy Valentine,3D,12.93,2026-03-14
Courtney Riddle,68760964,F,The Might of Gold,3D,11.66,2025-07-11
Erica Vincent,11321805,F,"Cocaine Traffic; or, the Drug Terror",Normal,6.28,2025-07-31
Lisa Cooper,14264688,F,The Circular Staircase,Normal,6.29,2025-11-11
Patrick Bailey,16558352,M,The Dishonored Medal,Normal,7.08,2025-11-18
Tiffany Ramirez,34657478,F,Lucille Love: The Girl of Mystery,Normal,6.55,2026-02-06
Bruce Krueger,88136785,M,The Spy,Normal,6.73,2025-12-07
Victoria Campbell,75292438,F,Dr. Mawson in the Antarctic,Normal,8.6,2026-01-18
Vanessa Avila,62635166,F,El regalo de bodas,3D,10.93,2025-10-05
Alan Harding,48755966,M,The Walls of Jericho,Normal,7.11,2026-02-07
Mrs. Angel Davis,70862622,F,The Last Egyptian,3D,12.9,2025-07-21
Frank Smith,25440735,M,The Seed of the Fathers,3D,10.67,2025-06-20
Cheryl Young,85020513,F,Anfisa,Normal,8.61,2025-06-12
Jimmy Long,62529694,M,La lucha contra el destino,3D,11.82,2026-04-11
Joann Underwood,93629542,F,Should a Woman Divorce?,3D,11.78,2025-08-08
Patricia Perez,64137579,F,A Dog's Tale,Normal,6.49,2026-05-04
Karen Parker,26689795,F,Colorado,3D,10.32,2025-08-21
Victoria Davis,96226314,F,A Sister to Carmen,Normal,8.7,2025-12-19
Susan Romero,36314089,F,A Princess of Bagdad,3D,12.73,2025-07-06
Angela Price,67559643,F,La conspiration des drapeaux,Normal,6.29,2026-04-04
Mason Lopez,92235145,M,The Climbers,3D,11.76,2026-03-30
Stephanie Brown,54888696,F,Cuentos baturros,3D,12.29,2026-02-06
Susan Lopez,62586321,F,Dr. Rameau,3D,12.95,2025-08-31
Douglas Taylor,70395538,M,Barcelona bajo la nieve,3D,10.15,2026-01-16
Christy Schaefer,35987371,F,The Adventures of a Madcap,3D,12.88,2025-07-19
Melissa Barry,91238749,F,Life in a Western Penitentiary,Normal,6.12,2025-06-23
David Butler,68946284,M,The Land of the Lost,3D,10.85,2025-05-27
James Lawson,29981250,M,Betty in Search of a Thrill,3D,12.71,2026-03-24
Scott Cuevas Jr.,33315731,M,The Curious Conduct of Judge Legarde,3D,11.93,2026-02-09
Jasmine English MD,81400946,F,Brewster's Millions,Normal,6.36,2026-01-31
Richard Evans,85943229,M,C.O.D.,3D,13.87,2025-11-29
Theodore Stevens,53962241,M,The Monster and the Girl,Normal,8.89,2025-10-12
Grace Vazquez,51221633,F,Amor gitano,Normal,6.63,2026-04-04
Brenda Jones,13217853,F,A Princess of Bagdad,3D,12.27,2026-01-14
Lori Castillo,39004109,F,Brewster's Millions,3D,10.27,2025-06-10
Jeremy Edwards,43222186,M,The Mysterious Mr. Wu Chung Foo,Normal,7.36,2025-10-18
Andrew Williams,52839253,M,Alice in Wonderland,Normal,6.24,2025-09-22
Christie Sellers,12977897,F,Her Own Money,Normal,6.33,2025-12-31
John Taylor,46404316,M,Cohen's Luck,3D,10.53,2025-08-17
Mrs. Cheryl Cabrera MD,58466535,F,Robbery Under Arms,3D,13.72,2025-09-16
Melissa Jordan,42409269,F,Die Sumpfblume,3D,11.06,2026-03-04
Michael Parsons,75459772,M,Amigas siempre,3D,10.65,2026-04-16
Teresa Roberts,36750369,F,The Black Diamond,Normal,6.43,2026-04-28
Stephen Chase,94635563,M,Atop of the World in Motion,Normal,6.39,2025-06-29
Micheal Frye,38820065,M,Beulah,3D,13.85,2026-03-02
Brittany Escobar,14272965,F,The Commanding Officer,Normal,7.36,2026-05-04
Timothy Contreras,49899779,M,Facing the Gattling Guns,Normal,7.73,2025-11-19
Andrew Curtis,97409157,M,La pierre philosophe,3D,11.88,2025-10-20
Lisa Farley,20668865,F,At the Cross Roads,3D,12.35,2025-08-05
Tammy Harper,21294525,F,The Man from Home,3D,10.67,2026-04-29
Isaac Allen,32843683,M,Called Back,Normal,7.83,2025-11-19
Allen Skinner,51123247,M,La última danza,Normal,8.52,2026-03-13
Vanessa Sheppard,86760963,F,A Venetian Night,Normal,7.53,2026-04-07
Stephanie Richard,50434074,F,What Is to Be Done?,3D,13.89,2025-10-27
Robert Randolph,66281088,M,"The Life of Big Tim Sullivan; or, from Newsboy to Senator",3D,13.82,2025-07-20
Allison Jones,98080307,F,The Long Arm of the Law,3D,10.72,2026-03-14
John Snyder,57544077,M,1915 World's Championship Series,Normal,7.28,2026-04-05
Amber Ramsey,30918417,F,Jahreszeiten des Lebens,3D,10.81,2025-08-27
Bradley Monroe,19811412,M,Ready Money,3D,11.92,2025-05-24
William Wang,84688578,M,The Money Lender,3D,13.91,2025-11-24
Richard Carter,11354222,M,The Chorus Lady,Normal,6.63,2026-01-07
Mrs. Madison Stevens,77119658,F,Aurora Leigh,Normal,7.61,2025-08-10
Isaac Bell,25571369,M,Colorado,3D,12.16,2025-11-01
Jessica Taylor,45377753,F,Lucha por la herencia,Normal,6.81,2026-05-06
William Owens,21002394,M,Statistinnen des Lebens,Normal,7.8,2025-09-26
Matthew Robinson,83786003,M,The Battle of Love,Normal,6.44,2025-08-14
Timothy Anderson,82219866,M,"Joliet Prison, Joliet, Ill.",Normal,6.16,2025-12-04
Melanie Valentine,12744379,F,The Arrival of Perpetua,Normal,6.1,2026-03-28
John Bass,52531543,M,The Escape,Normal,6.02,2026-05-03
Michael Day,85993057,M,Enoch Arden,3D,13.06,2025-11-08
John Johnson,11504288,M,Three Weeks,Normal,7.14,2026-04-21
Bruce Chang,12185577,M,Wenn die Maske fällt,3D,11.43,2025-11-09
Frank Ortiz,91187436,M,Diego Corrientes,3D,12.51,2025-08-25
John Armstrong,88854193,M,"Hamlet, Prince of Denmark",Normal,6.84,2025-10-20
Valerie Johnson,61466898,F,The Dollar Mark,3D,11.25,2026-04-15
Elizabeth Hoover,49744487,F,Protección de un convoy de víveres en el puente de camellos,3D,11.21,2025-08-06
Jonathan Gibbs MD,91800420,M,Atop of the World in Motion,3D,10.08,2025-05-07
Jason Rios,17734481,M,The Bigger Man,3D,10.73,2025-06-26
Benjamin Lucas,17345760,M,Betty in Search of a Thrill,3D,12.79,2026-03-31
Jonathan Johnson,50778936,M,Concurso Hípico no Porto,Normal,8.07,2026-04-05
James Gomez,40527438,M,Passionels Tagebuch,Normal,8.9,2025-09-30
Jeffrey Luna,31277899,M,Conscience,Normal,7.64,2025-10-28
Janice Murray,50842614,F,Revolução de 5 de Outubro,3D,13.09,2026-02-04
Donald Dougherty,14786250,M,An Affair of Three Nations,3D,13.79,2026-01-02
Bryan Cantrell,11533238,M,La malquerida,Normal,8.58,2025-05-10
Alexander Daniels,24761933,M,Statistinnen des Lebens,3D,11.65,2025-10-15
Cynthia Cole DDS,34664975,F,Adoptivkind,Normal,7.68,2025-06-19
Steven Baker,59181767,M,The Fatal Night,3D,10.5,2026-05-02
Julie Gomez,26250961,F,The Little Jewess,3D,11.5,2026-04-27
Jasmine Welch,80961588,F,The Devil's Assistant,3D,11.16,2025-06-29
Mikayla Alexander,69048975,F,Cameo Kirby,Normal,6.24,2026-04-06
Shirley Rivers,83369725,F,Down with Weapons,3D,12.28,2025-12-04
Claire Rodriguez,77186938,F,El fantasma del castillo,3D,12.79,2026-04-12
Willie Mendoza,45457785,M,Gira política de Madero y Pino Suárez,3D,12.65,2025-11-12
Richard Adams,72511528,M,The Escape,3D,12.33,2026-03-28
Reginald Black,47731340,M,His Brother's Wife,Normal,6.49,2026-02-11
Russell Wheeler,95532770,M,The Boss,Normal,8.91,2025-11-13
Donna Campos,56400817,F,Apuntes de la fiesta de la flor,Normal,8.44,2025-06-06
Kimberly Floyd,12241646,F,The Criminal Code,3D,12.8,2025-08-15
Tina Lopez,28490873,F,The Sin of a Woman,3D,13.19,2025-07-30
Jennifer Kemp,42030475,F,Homenaje a Lanuza,3D,11.03,2026-03-19
Mary Austin,39530198,F,The Devil's Daughter,3D,13.72,2026-04-30
William Murphy,66065886,M,The Bludgeon,3D,10.33,2025-07-31
Anthony Allen,71883991,M,As Ye Sow,Normal,7.17,2026-03-30
Chelsea Ellis,29156484,F,Barcelona bajo la nieve,Normal,7.3,2025-11-30
Charles Griffin,86446605,M,A Bunch of Keys,3D,12.11,2025-08-07
Justin Vang,92997469,M,With Serb and Austrian,3D,11.78,2025-09-06
Michael Lawrence,27691786,M,The Lion and the Mouse,Normal,8.47,2025-11-29
Stephen Cox,53026552,M,The Road to Ruin,3D,10.07,2025-10-03
Darren Allen,63296821,M,Die Eisbraut,Normal,8.6,2026-01-09
Melissa Morris,79704726,F,The Concealed Truth,3D,12.76,2026-02-18
Kenneth Parker,43392905,M,Bánk bán,Normal,6.06,2025-08-27
Allen Perez,51006605,M,Black Fear,Normal,6.41,2026-04-09
Brady Taylor,83393897,M,The Spitfire,3D,13.12,2025-12-12
Michelle Baker,31304395,F,The Traitress,3D,12.81,2025-10-03
Kimberly Ward,36046345,F,The Money God,3D,11.48,2026-02-21
Adrienne Perry,10642729,F,My Husband's Getting Married,Normal,8.54,2026-03-23
Lori Gordon,35326165,F,A Branded Soul,3D,11.26,2025-11-07
Daniel Conrad,51978679,M,The Last Volunteer,3D,11.85,2025-11-15
Jamie Hill,41176956,F,"His Holiness, the Late Pope Pius X, and the Vatican",3D,12.11,2025-12-10
Johnny Ramirez,11198579,M,The Typhoon,Normal,8.32,2026-04-02
Melissa Brooks,88600943,F,The Clemenceau Case,3D,12.25,2025-11-15
Gregory Barker,49943918,M,Hamlet,3D,13.88,2025-05-17
Austin Miller,94789858,M,"Destiny: or, the Soul of a Woman",Normal,8.95,2026-02-06
David Wells,60397318,M,The Heir to Skjoldborg,3D,13.57,2025-05-07
Roy Collier,38242122,M,Ungarische Rhapsodie,Normal,8.5,2025-07-22
Tanya Turner,17042991,F,Un solo corazón o Los muertos viven,3D,11.46,2026-02-19
Stacey Cochran,10773451,F,Enoch Arden,3D,10.48,2025-08-18
Erica Diaz,51389840,F,Trapped by the Camera,3D,10.86,2025-05-13
Kenneth Leonard,92769962,M,A Dog's Tale,3D,12.01,2026-04-18
Clifford Weber,97357020,M,Dr. Mawson in the Antarctic,Normal,6.79,2026-03-17
Matthew Johnson,58485286,M,El testamento de Diego Rocafort,3D,10.64,2025-10-01
Victoria Snyder,23982998,F,Down with Weapons,Normal,7.18,2025-08-27
James Moore,32780860,M,A Factory Magdalen,Normal,6.69,2025-12-31
Kenneth Serrano,90258832,M,Das Geschenk des Inders,Normal,6.59,2025-12-21
Cathy Baker,99450040,F,The Tide of Death,3D,10.86,2025-09-01
William Lewis,50330846,M,Lola,3D,10.75,2026-02-27
Deborah Martinez,89558221,F,La secta de los misteriosos,3D,10.25,2025-09-25
Cheryl Tate,69655230,F,Too Late,Normal,7.9,2025-07-26
Joseph Nielsen,93918389,M,The Toll of Mammon,Normal,6.52,2025-06-08
Bill Pearson,52045316,M,Amor de pescadora,3D,13.32,2026-01-23
Andrea Davis,29705450,F,Amigas siempre,Normal,7.6,2025-08-20
Devin Alvarez,24251727,M,Michael Strogoff,3D,11.69,2026-02-24
Dwayne Floyd,26097314,M,Fulano de Tal se enamora de Manón,3D,11.22,2025-10-30
Lindsey Hernandez,81090379,F,What 80 Million Women Want,Normal,7.67,2026-01-24
Kevin Fields,12876863,M,The Million Dollar Robbery,3D,11.16,2025-12-01
Emma Greene,73565042,F,The Mystery of the Poison Pool,Normal,7.08,2025-05-09
Kelly Brown,70193490,F,Cameo Kirby,Normal,7.78,2025-10-30
David Fox,48364434,M,The Four Devils,Normal,7.44,2026-01-25
Edward Buck,10147119,M,Krates,Normal,6.26,2025-06-26
Kimberly Figueroa,53983482,F,What Happened to Mary,Normal,7.4,2026-03-09
Julie Robertson,63580647,F,Rainha Depois de Morta Inês de Castro,Normal,7.65,2026-03-25
Charles Johnson,42423528,M,The Unwelcome Mrs. Hatch,Normal,7.15,2025-07-15
James Diaz,48134508,M,An Affair of Three Nations,3D,11.73,2026-01-30
Alexis Perez,36965804,F,Zona de Incursões em Chaves,3D,11.84,2026-04-12
William Hall,71723527,M,Judge Not,3D,12.37,2026-01-18
Danny Holt,27156876,M,Desastre do Monoplano Gnome na Amadora,Normal,7.57,2025-09-29
Dennis Underwood,95426171,M,The Black Diamond,Normal,6.43,2025-05-12
William Davis,36459507,M,The Might of Gold,Normal,8.5,2025-09-21
Devin Beard MD,14824898,M,The Spirit of the Conqueror,Normal,7.5,2026-02-24
Tracy Cameron,36481610,F,Are You a Mason?,3D,12.55,2025-08-10
Mary Davidson,99994511,F,Blodets röst,3D,13.18,2025-12-16
Tyler May,92901091,M,Old Brandis' Eyes,3D,10.91,2025-07-04
Veronica Logan,64486807,F,The Lost Paradise,3D,13.77,2025-08-01
Thomas Hancock,29362174,M,Der fremde Vogel,3D,11.22,2025-12-09
Debra Perez,93224299,F,Los muertos hablan,Normal,6.69,2025-08-11
Helen Miller,11161879,F,The House Next Door,3D,10.05,2025-06-10
Bob Briggs,77275823,M,The Ragged Earl,3D,11.13,2025-10-29
Andrea Gilbert,75318902,F,Excursión a San Lorenzo de Munt,3D,11.76,2025-05-24
Felicia Ramirez,98673638,F,The Independence of Romania,Normal,6.65,2025-11-28
Alicia Reynolds,33764726,F,The Spirit of the Poppy,Normal,7.38,2026-03-21
Sandra Young,11547372,F,The Folly of Revenge,3D,13.19,2025-11-19
Madison Sanders,49952779,F,Imar the Servitor,3D,10.36,2025-12-22
Linda Rodriguez,50402891,F,As Ye Repent,3D,10.75,2026-04-08
Melinda Rodriguez,61138358,F,The Crown Prince's Double,3D,12.34,2026-03-15
Nicholas Reid,67704020,M,La intrusa,3D,11.23,2025-12-10
Manuel Grant,85343265,M,Wildflower,3D,10.74,2025-08-18
Cynthia Christian,85447486,F,After Five,Normal,6.87,2025-05-07
Samantha Olson,93735746,F,Zudora,Normal,8.64,2025-10-11
David Morales,17708448,M,Your Girl and Mine: A Woman Suffrage Play,3D,13.68,2025-06-14
Phillip Anderson,28687245,M,The Span of Life,3D,10.03,2026-01-12
Emily Schwartz,22547164,F,The Cotton King,3D,11.93,2025-07-01
Stephanie Santos,29624182,F,The Prodigal Son,Normal,6.22,2025-11-05
Dr. Morgan Cordova,98498385,F,The Cup of Life,3D,13.95,2025-05-20
Lance James,74702832,M,An American Gentleman,Normal,6.31,2025-08-23
Andrew Ortiz,33941896,M,The Spoilers,3D,13.17,2026-03-07
Victor Schwartz,67333026,M,"Romani, the Brigand",3D,12.53,2026-03-17
Daniel Lee,90614296,M,The Voice at the Telephone,3D,13.62,2025-11-16
Larry Lawson,48739021,M,The Fairylogue and Radio-Plays,3D,11.04,2025-06-15
Karen Brown,32627043,F,The Temptations of Satan,Normal,6.71,2026-02-28
Barbara Robinson,45531743,F,The Better Woman,3D,11.06,2026-04-28
Mary Valencia,66221627,F,Fantômas: In the Shadow of the Guillotine,Normal,6.12,2025-10-14
Eric Turner,69313646,M,The Battle of the Sexes,3D,10.92,2025-05-23
Andrew Guerrero,47401199,M,A Branded Soul,Normal,7.49,2025-08-07
Bonnie Hughes,11178146,F,Carmen,Normal,6.25,2026-04-06
Amanda Stone,33279555,F,Ansigttyven I,3D,13.74,2025-12-27
Francisco Gaines,20919530,M,The Battle of Gettysburg,3D,11.66,2026-02-15
David Morris,44177647,M,The Better Woman,Normal,7.52,2025-07-13
Valerie Ford,67534190,F,Blind Man's Bluff,3D,11.76,2025-08-27
Daniel Kane,61110448,M,Gira política de Madero y Pino Suárez,Normal,6.5,2026-05-03
Stacy Davis,50328985,F,Tillie's Punctured Romance,3D,11.58,2025-09-07
Antonio Lawson,66130616,M,The Envoy Extraordinary,Normal,7.51,2025-07-06
Blake Mcdonald,74213137,M,Anna Karenina,3D,12.43,2025-06-24
William Lowe,17056031,M,Cohen's Luck,3D,12.82,2025-08-07
Todd Blackwell,55877533,M,The Chorus Lady,Normal,8.04,2025-08-18
Bryan Porter,30284098,M,Aftermath,3D,13.72,2025-05-28
Mr. John Smith,31096841,M,The Cheat,Normal,7.8,2025-05-11
Joshua Allen,47973602,M,A becsapott újságíró,Normal,8.92,2025-11-08
James Huynh,95049875,M,The Orphan,Normal,7.54,2025-11-16
Tammy Jackson,54271612,F,The Prodigal Son,3D,11.5,2025-12-15
Julie Smith,15751339,F,The Broken Coin,Normal,6.64,2026-02-05
Chad Hall,69220303,M,The Firefly,3D,12.68,2025-07-05
Pamela Freeman,91273939,F,The Vicar of Wakefield,Normal,8.11,2025-12-08
Joseph Owens,94504683,M,Fulano de Tal se enamora de Manón,3D,10.08,2026-03-09
Matthew Lang,95818029,M,The Cheat,3D,11.51,2025-09-20
Janet Smith,10524401,F,A Child of the Prairie,Normal,6.94,2025-10-08
Mr. Scott Robertson,23658799,M,Oliver Twist,Normal,7.46,2025-06-01
Christopher Webb,21435724,M,El alcalde de Zalamea,3D,13.45,2025-10-12
Miguel Clark,44460564,M,Die Sumpfblume,3D,12.33,2026-02-08
Tammy Robertson,22717655,F,The Voice at the Telephone,3D,11.33,2025-06-17
Vincent Welch,35997779,M,El regalo de bodas,3D,13.39,2025-09-19
Karen Griffith,11180445,F,The Crime and the Criminal,Normal,7.14,2026-05-01
Shawn Hooper,94569666,M,Judith of Bethulia,Normal,6.94,2026-02-09
Jorge Evans,54740872,M,Statistinnen des Lebens,3D,11.41,2025-08-02
Angela Duffy,35357471,F,The Capture of a Sea Elephant and Hunting Wild Game in the South Pacific Islands,3D,12.63,2026-01-12
Ryan Hayes,77277705,M,"His Majesty, the Scarecrow of Oz",3D,12.34,2025-10-29
Stephanie Lee,38131950,F,Corrida de Touros no Campo Pequeno com Três Colhidas,3D,12.85,2025-06-25
Lisa Williams,59734959,F,'Twas Ever Thus,3D,11.42,2025-05-20
Edwin Hall,43954751,M,The Fight for Millions,3D,10.5,2025-10-23
Randall Cole,37288418,M,Judith,3D,12.73,2025-07-31
Erik Lawson DDS,96596756,M,Fantasma,3D,10.65,2025-07-01
Elizabeth Arnold,60836347,F,Aftermath,3D,13.16,2025-06-13
Melissa Mcguire,21980919,F,Trail to the West,Normal,7.18,2025-09-28
Victoria Patel,41203162,F,Burning Daylight: The Adventures of 'Burning Daylight' in Civilization,3D,13.3,2026-01-08
Gerald Rodriguez,73527983,M,Blackbirds,Normal,7.79,2025-12-21
Kenneth Reid,87712924,M,Charity Ann,Normal,7.36,2025-05-25
Sarah Avila,52605462,F,The Shame of the Empire State,3D,11.22,2026-03-15
Zachary Mcconnell,87876340,M,The Wrath of the Gods,3D,10.37,2025-09-28
Zachary Bird,57296354,M,By Order of Napoleon,3D,10.48,2026-01-23
Stephanie Martinez,54695834,F,Stuart Webbs: Das Panzergewölbe,3D,11.81,2025-11-20
Sarah Clark,44593363,F,The Path Forbidden,3D,10.65,2026-01-11
Roger Brock,29164375,M,Paul J. Rainey's African Hunt,3D,12.04,2025-06-05
Heather Harris,94496352,F,Evinrude,3D,11.67,2026-04-30
Brandon Barrera,43557214,M,Only a Woman,3D,13.99,2025-09-22
Mark Garza,63652426,M,The Ladies' War,Normal,7.27,2026-01-17
Melissa Browning,57325353,F,The Burglar and the Lady,Normal,6.18,2026-04-07
Shari Cooper,27031561,F,A Balkan Episode,Normal,8.61,2025-05-14
Felicia Jackson,23613817,F,The Battle of Gettysburg,3D,10.67,2025-06-09
Caitlyn Smith,21408888,F,El caballero Casarroja,3D,11.45,2025-10-24
Richard Bell,22672288,M,Luchtkastelen,Normal,8.12,2026-01-04
Carl Hughes,29835580,M,The Kangaroo,3D,12.75,2026-03-01
Nathan Daniels,10852292,M,Escaped from Siberia,3D,13.63,2026-01-03
Allison Chan,80542284,F,The Lure of New York,3D,13.14,2025-11-10
Melissa Moran,46214676,F,Cora,Normal,8.45,2025-06-18
Marcus Alvarez,63946279,M,The Deep Purple,Normal,6.48,2025-12-15
Justin Bell,12782037,M,With Serb and Austrian,3D,10.23,2025-08-24
Alexander Jordan,33208247,M,A Branded Soul,Normal,8.39,2025-09-28
Kevin Adams,40581978,M,The Man o' War's Man,3D,12.82,2026-03-31
Theresa Smith,37460661,F,When Fate Leads Trump,Normal,7.53,2026-02-12
Shelly Mckinney,75882606,F,La lucha contra el destino,Normal,8.36,2025-07-25
Rebecca Garcia,87556428,F,Armstrong's Wife,3D,11.32,2026-02-10
Jordan Bennett,85248437,M,'Round the World in 80 Days,Normal,8.82,2026-02-06
Joseph Griffin MD,92062667,M,Detective Craig's Coup,Normal,6.42,2026-02-08
Jose Barton,49912967,M,The Case of Becky,Normal,8.21,2025-11-29
Regina Paul,25545930,F,Shadows of the Moulin Rouge,3D,13.87,2025-10-15
Trevor Sparks,85849844,M,A Dog's Tale,3D,10.65,2026-01-09
Gregory Williams,23441165,M,Too Late,3D,11.25,2026-03-24
Michael Hansen,82321522,M,Herod,3D,12.54,2026-03-12
Charles Moreno,43243146,M,Presentencompanigraf,3D,10.51,2026-02-13
Isaac Berg,10700782,M,With General Pancho Villa in Mexico,3D,13.88,2025-11-23
Joy Cook,83736485,F,Aristocracy,3D,13.04,2026-04-17
Jessica Lopez,22702721,F,Mexican War Pictures,3D,11.3,2025-08-29
Steven Berry,82436473,M,The Vicar of Wakefield,Normal,6.37,2025-11-30
Sarah Mcdowell,60689607,F,Die Eisbraut,Normal,6.65,2025-12-30
Kevin Mcdonald,44358307,M,The Adventures of a Madcap,Normal,6.4,2025-08-19
Amanda Spencer,39608301,F,Stuart Webbs: Das Panzergewölbe,3D,11.44,2026-04-16
George Aguilar,47744791,M,Behind the Scenes,3D,12.36,2025-09-14
Don Montgomery,73634424,M,The Sea Wolf,Normal,8.54,2026-04-07
Deborah Terry,86255071,F,Mute Witnesses,Normal,6.78,2025-09-26
Mr. Kenneth Glass,55665712,M,Entre ruinas,Normal,8.3,2025-07-19
James Flores,55236925,M,The Spirit of the Poppy,3D,12.02,2025-12-26
Kathy Frederick,96168598,F,Corrida de feria de las fiestas del Pilar,Normal,6.77,2025-08-17
Zachary Gray,38956196,M,The House of Bondage,Normal,6.12,2025-07-07
Nicole Collins,81747875,F,A Suspicious Wife,Normal,7.69,2025-09-07
Nicole Matthews,99777670,F,His Brother's Wife,Normal,8.09,2026-05-01
Dakota Nelson,79087563,M,The Old Armchair,3D,12.26,2025-10-03
Tommy Hernandez,56820183,M,Adoptivkind,3D,12.46,2025-10-07
Brian Morrow,11950615,M,Hamlet,Normal,6.1,2025-07-08
Jeremy Lynn,16172739,M,El calvario de un héroe,Normal,6.97,2025-09-12
Lisa Munoz,45532741,F,Rosalinda,Normal,6.17,2025-07-04
Ryan Williams,30546164,M,Los marinos de papel,Normal,6.74,2026-03-14
Wayne Sanchez,91001184,M,Hypocrites,Normal,6.06,2026-04-18
